file_path,true_label,prediction,prob,NORMAL,PNEUMONIA
/Volumes/Yuchen_Drive/Chest_xray/test/NORMAL/IM-0021-0001.jpeg,0,1,0.5296564698219299,0.47034356,0.52965647
/Volumes/Yuchen_Drive/Chest_xray/test/NORMAL/IM-0067-0001.jpeg,0,0,0.9008268713951111,0.9008269,0.09917311
/Volumes/Yuchen_Drive/Chest_xray/test/PNEUMONIA/person77_virus_139.jpeg,1,1,0.9840549826622009,0.01594505,0.984055
/Volumes/Yuchen_Drive/Chest_xray/test/PNEUMONIA/person14_virus_44.jpeg,1,1,0.8809508681297302,0.119049154,0.88095087
/Volumes/Yuchen_Drive/Chest_xray/test/PNEUMONIA/person21_virus_53.jpeg,1,1,0.7911885380744934,0.20881143,0.79118854
/Volumes/Yuchen_Drive/Chest_xray/test/PNEUMONIA/person128_bacteria_608.jpeg,1,1,0.9691749811172485,0.030824983,0.969175
/Volumes/Yuchen_Drive/Chest_xray/test/PNEUMONIA/person109_bacteria_527.jpeg,1,1,0.9794267416000366,0.020573257,0.97942674
/Volumes/Yuchen_Drive/Chest_xray/test/NORMAL/NORMAL2-IM-0030-0001.jpeg,0,0,0.6159804463386536,0.61598045,0.38401952
/Volumes/Yuchen_Drive/Chest_xray/test/NORMAL/IM-0099-0001.jpeg,0,0,0.9213354587554932,0.92133546,0.07866455
/Volumes/Yuchen_Drive/Chest_xray/test/PNEUMONIA/person94_bacteria_458.jpeg,1,1,0.9881057739257812,0.011894269,0.9881058
/Volumes/Yuchen_Drive/Chest_xray/test/NORMAL/NORMAL2-IM-0322-0001.jpeg,0,0,0.5640890598297119,0.56408906,0.43591094
/Volumes/Yuchen_Drive/Chest_xray/test/PNEUMONIA/person136_bacteria_652.jpeg,1,1,0.9858636260032654,0.014136383,0.9858636
/Volumes/Yuchen_Drive/Chest_xray/test/PNEUMONIA/person18_virus_49.jpeg,1,1,0.9756686687469482,0.024331275,0.97566867
/Volumes/Yuchen_Drive/Chest_xray/test/PNEUMONIA/person119_bacteria_566.jpeg,1,1,0.9261807799339294,0.07381928,0.9261808
/Volumes/Yuchen_Drive/Chest_xray/test/PNEUMONIA/person65_virus_123.jpeg,1,1,0.9638016819953918,0.03619828,0.9638017
/Volumes/Yuchen_Drive/Chest_xray/test/PNEUMONIA/person161_bacteria_762.jpeg,1,0,0.5321495532989502,0.53214955,0.46785036
/Volumes/Yuchen_Drive/Chest_xray/test/PNEUMONIA/person121_bacteria_579.jpeg,1,1,0.9969224333763123,0.003077493,0.99692243
/Volumes/Yuchen_Drive/Chest_xray/test/PNEUMONIA/person75_virus_136.jpeg,1,1,0.822630763053894,0.1773692,0.82263076
/Volumes/Yuchen_Drive/Chest_xray/test/PNEUMONIA/person139_bacteria_661.jpeg,1,1,0.9327467083930969,0.06725335,0.9327467
/Volumes/Yuchen_Drive/Chest_xray/test/PNEUMONIA/person127_bacteria_604.jpeg,1,1,0.6340925097465515,0.36590752,0.6340925
/Volumes/Yuchen_Drive/Chest_xray/test/PNEUMONIA/person78_virus_140.jpeg,1,1,0.8602830767631531,0.13971691,0.8602831
/Volumes/Yuchen_Drive/Chest_xray/test/PNEUMONIA/person1682_virus_2899.jpeg,1,1,0.8349184989929199,0.16508155,0.8349185
/Volumes/Yuchen_Drive/Chest_xray/test/PNEUMONIA/person8_virus_27.jpeg,1,1,0.8794484734535217,0.12055152,0.8794485
/Volumes/Yuchen_Drive/Chest_xray/test/PNEUMONIA/person83_bacteria_407.jpeg,1,1,0.7577214241027832,0.24227859,0.7577214
/Volumes/Yuchen_Drive/Chest_xray/test/PNEUMONIA/person88_bacteria_438.jpeg,1,1,0.9965450167655945,0.0034549464,0.996545
/Volumes/Yuchen_Drive/Chest_xray/test/NORMAL/NORMAL2-IM-0312-0001.jpeg,0,1,0.5411663055419922,0.45883366,0.5411663
/Volumes/Yuchen_Drive/Chest_xray/test/NORMAL/IM-0107-0001.jpeg,0,0,0.9752480983734131,0.9752481,0.024751985
/Volumes/Yuchen_Drive/Chest_xray/test/NORMAL/NORMAL2-IM-0288-0001.jpeg,0,0,0.6805644035339355,0.6805644,0.31943566
/Volumes/Yuchen_Drive/Chest_xray/test/PNEUMONIA/person101_bacteria_485.jpeg,1,1,0.9937026500701904,0.0062973816,0.99370265
/Volumes/Yuchen_Drive/Chest_xray/test/PNEUMONIA/person103_bacteria_488.jpeg,1,1,0.9968715310096741,0.0031285228,0.99687153
/Volumes/Yuchen_Drive/Chest_xray/test/PNEUMONIA/person57_virus_113.jpeg,1,1,0.9085289835929871,0.091471,0.908529
/Volumes/Yuchen_Drive/Chest_xray/test/PNEUMONIA/person147_bacteria_705.jpeg,1,1,0.9527931213378906,0.047206864,0.9527931
/Volumes/Yuchen_Drive/Chest_xray/test/PNEUMONIA/person158_bacteria_745.jpeg,1,1,0.7848191261291504,0.21518095,0.7848191
/Volumes/Yuchen_Drive/Chest_xray/test/NORMAL/NORMAL2-IM-0238-0001.jpeg,0,1,0.693170964717865,0.30682907,0.69317096
/Volumes/Yuchen_Drive/Chest_xray/test/PNEUMONIA/person1676_virus_2892.jpeg,1,1,0.9337506890296936,0.06624934,0.9337507
/Volumes/Yuchen_Drive/Chest_xray/test/PNEUMONIA/person1665_virus_2878.jpeg,1,1,0.955451250076294,0.04454878,0.95545125
/Volumes/Yuchen_Drive/Chest_xray/test/PNEUMONIA/person130_bacteria_628.jpeg,1,1,0.9697853326797485,0.03021465,0.96978533
/Volumes/Yuchen_Drive/Chest_xray/test/PNEUMONIA/person70_virus_130.jpeg,1,1,0.9843112826347351,0.015688725,0.9843113
/Volumes/Yuchen_Drive/Chest_xray/test/PNEUMONIA/person1623_virus_2813.jpeg,1,0,0.509667158126831,0.50966716,0.49033278
/Volumes/Yuchen_Drive/Chest_xray/test/PNEUMONIA/person80_bacteria_389.jpeg,1,1,0.9847967624664307,0.015203264,0.98479676
/Volumes/Yuchen_Drive/Chest_xray/test/NORMAL/NORMAL2-IM-0198-0001.jpeg,0,1,0.5868449211120605,0.4131551,0.5868449
/Volumes/Yuchen_Drive/Chest_xray/test/PNEUMONIA/person52_virus_106.jpeg,1,1,0.8694177269935608,0.13058229,0.8694177
/Volumes/Yuchen_Drive/Chest_xray/test/PNEUMONIA/person44_virus_93.jpeg,1,0,0.6082245111465454,0.6082245,0.39177552
/Volumes/Yuchen_Drive/Chest_xray/test/NORMAL/IM-0083-0001.jpeg,0,0,0.9578605890274048,0.9578606,0.042139392
/Volumes/Yuchen_Drive/Chest_xray/test/PNEUMONIA/person72_virus_133.jpeg,1,1,0.9677080512046814,0.03229198,0.96770805
/Volumes/Yuchen_Drive/Chest_xray/test/PNEUMONIA/person102_bacteria_487.jpeg,1,1,0.7846446633338928,0.21535528,0.78464466
/Volumes/Yuchen_Drive/Chest_xray/test/PNEUMONIA/person80_bacteria_393.jpeg,1,1,0.8172053694725037,0.1827947,0.81720537
/Volumes/Yuchen_Drive/Chest_xray/test/PNEUMONIA/person147_bacteria_711.jpeg,1,1,0.7853518128395081,0.2146482,0.7853518
/Volumes/Yuchen_Drive/Chest_xray/test/PNEUMONIA/person1644_virus_2844.jpeg,1,1,0.7742515206336975,0.22574843,0.7742515
/Volumes/Yuchen_Drive/Chest_xray/test/PNEUMONIA/person121_bacteria_580.jpeg,1,1,0.6294853091239929,0.37051466,0.6294853
/Volumes/Yuchen_Drive/Chest_xray/test/PNEUMONIA/person91_bacteria_446.jpeg,1,1,0.9772182703018188,0.022781704,0.9772183
/Volumes/Yuchen_Drive/Chest_xray/test/NORMAL/NORMAL2-IM-0278-0001.jpeg,0,0,0.8152164220809937,0.8152164,0.18478356
/Volumes/Yuchen_Drive/Chest_xray/test/NORMAL/NORMAL2-IM-0196-0001.jpeg,0,0,0.744195818901062,0.7441958,0.25580424
/Volumes/Yuchen_Drive/Chest_xray/test/NORMAL/NORMAL2-IM-0287-0001.jpeg,0,0,0.9589916467666626,0.95899165,0.04100832
/Volumes/Yuchen_Drive/Chest_xray/test/NORMAL/NORMAL2-IM-0336-0001.jpeg,0,0,0.6737223267555237,0.6737223,0.32627764
/Volumes/Yuchen_Drive/Chest_xray/test/NORMAL/NORMAL2-IM-0297-0001.jpeg,0,0,0.9034280776977539,0.9034281,0.096571915
/Volumes/Yuchen_Drive/Chest_xray/test/NORMAL/NORMAL2-IM-0369-0001.jpeg,0,0,0.5503966212272644,0.5503966,0.44960344
/Volumes/Yuchen_Drive/Chest_xray/test/NORMAL/NORMAL2-IM-0060-0001.jpeg,0,0,0.692423403263092,0.6924234,0.30757657
/Volumes/Yuchen_Drive/Chest_xray/test/PNEUMONIA/person28_virus_63.jpeg,1,1,0.8145660161972046,0.18543391,0.814566
/Volumes/Yuchen_Drive/Chest_xray/test/NORMAL/NORMAL2-IM-0370-0001.jpeg,0,0,0.9667536020278931,0.9667536,0.033246435
/Volumes/Yuchen_Drive/Chest_xray/test/NORMAL/NORMAL2-IM-0058-0001.jpeg,0,0,0.8648579120635986,0.8648579,0.13514204
/Volumes/Yuchen_Drive/Chest_xray/test/NORMAL/IM-0025-0001.jpeg,0,1,0.6072432994842529,0.3927567,0.6072433
/Volumes/Yuchen_Drive/Chest_xray/test/PNEUMONIA/person100_bacteria_475.jpeg,1,1,0.6756110787391663,0.32438892,0.6756111
/Volumes/Yuchen_Drive/Chest_xray/test/PNEUMONIA/person1635_virus_2831.jpeg,1,1,0.6227973103523254,0.37720266,0.6227973
/Volumes/Yuchen_Drive/Chest_xray/test/PNEUMONIA/person175_bacteria_835.jpeg,1,1,0.9924045205116272,0.0075955,0.9924045
/Volumes/Yuchen_Drive/Chest_xray/test/NORMAL/NORMAL2-IM-0023-0001.jpeg,0,0,0.9469254612922668,0.94692546,0.053074535
/Volumes/Yuchen_Drive/Chest_xray/test/PNEUMONIA/person127_bacteria_602.jpeg,1,1,0.9731162190437317,0.026883857,0.9731162
/Volumes/Yuchen_Drive/Chest_xray/test/PNEUMONIA/person113_bacteria_542.jpeg,1,1,0.9965270161628723,0.0034729457,0.996527
/Volumes/Yuchen_Drive/Chest_xray/test/PNEUMONIA/person78_bacteria_381.jpeg,1,1,0.9186304211616516,0.08136957,0.9186304
/Volumes/Yuchen_Drive/Chest_xray/test/NORMAL/IM-0033-0001-0001.jpeg,0,0,0.6419497728347778,0.6419498,0.35805026
/Volumes/Yuchen_Drive/Chest_xray/test/NORMAL/NORMAL2-IM-0035-0001.jpeg,0,0,0.939336895942688,0.9393369,0.0606631
/Volumes/Yuchen_Drive/Chest_xray/test/PNEUMONIA/person1678_virus_2895.jpeg,1,0,0.645288348197937,0.64528835,0.35471168
/Volumes/Yuchen_Drive/Chest_xray/test/NORMAL/NORMAL2-IM-0309-0001.jpeg,0,0,0.9398884773254395,0.9398885,0.06011154
/Volumes/Yuchen_Drive/Chest_xray/test/PNEUMONIA/person85_bacteria_417.jpeg,1,1,0.8810977935791016,0.118902214,0.8810978
/Volumes/Yuchen_Drive/Chest_xray/test/PNEUMONIA/person140_bacteria_667.jpeg,1,0,0.5245410203933716,0.524541,0.47545898
/Volumes/Yuchen_Drive/Chest_xray/test/PNEUMONIA/person171_bacteria_826.jpeg,1,1,0.988575279712677,0.011424697,0.9885753
/Volumes/Yuchen_Drive/Chest_xray/test/PNEUMONIA/person82_bacteria_405.jpeg,1,1,0.9412220120429993,0.058778066,0.941222
/Volumes/Yuchen_Drive/Chest_xray/test/NORMAL/NORMAL2-IM-0276-0001.jpeg,0,0,0.8257266283035278,0.8257266,0.17427342
/Volumes/Yuchen_Drive/Chest_xray/test/NORMAL/NORMAL2-IM-0292-0001.jpeg,0,1,0.6188187599182129,0.3811812,0.61881876
/Volumes/Yuchen_Drive/Chest_xray/test/PNEUMONIA/person21_virus_52.jpeg,1,1,0.9192219376564026,0.08077811,0.91922194
/Volumes/Yuchen_Drive/Chest_xray/test/PNEUMONIA/person85_bacteria_423.jpeg,1,1,0.9848892688751221,0.015110746,0.98488927
/Volumes/Yuchen_Drive/Chest_xray/test/NORMAL/NORMAL2-IM-0311-0001.jpeg,0,0,0.9720081090927124,0.9720081,0.027991856
/Volumes/Yuchen_Drive/Chest_xray/test/PNEUMONIA/person90_bacteria_442.jpeg,1,1,0.9856062531471252,0.014393798,0.98560625
/Volumes/Yuchen_Drive/Chest_xray/test/NORMAL/NORMAL2-IM-0120-0001.jpeg,0,0,0.5993963479995728,0.59939635,0.40060362
/Volumes/Yuchen_Drive/Chest_xray/test/PNEUMONIA/person133_bacteria_635.jpeg,1,1,0.995044469833374,0.0049555157,0.99504447
/Volumes/Yuchen_Drive/Chest_xray/test/PNEUMONIA/person122_bacteria_585.jpeg,1,1,0.9566653370857239,0.043334685,0.95666534
/Volumes/Yuchen_Drive/Chest_xray/test/PNEUMONIA/person173_bacteria_829.jpeg,1,1,0.9754762649536133,0.024523785,0.97547626
/Volumes/Yuchen_Drive/Chest_xray/test/PNEUMONIA/person1685_virus_2903.jpeg,1,1,0.7333621382713318,0.26663786,0.73336214
/Volumes/Yuchen_Drive/Chest_xray/test/PNEUMONIA/person54_virus_109.jpeg,1,1,0.8573703765869141,0.14262958,0.8573704
/Volumes/Yuchen_Drive/Chest_xray/test/NORMAL/NORMAL2-IM-0052-0001.jpeg,0,1,0.8724325299263,0.1275675,0.87243253
/Volumes/Yuchen_Drive/Chest_xray/test/PNEUMONIA/person141_bacteria_676.jpeg,1,1,0.9660578966140747,0.03394215,0.9660579
/Volumes/Yuchen_Drive/Chest_xray/test/PNEUMONIA/person150_bacteria_715.jpeg,1,1,0.8906616568565369,0.109338365,0.89066166
/Volumes/Yuchen_Drive/Chest_xray/test/NORMAL/IM-0003-0001.jpeg,0,0,0.9010438919067383,0.9010439,0.09895606
/Volumes/Yuchen_Drive/Chest_xray/test/NORMAL/NORMAL2-IM-0201-0001.jpeg,0,1,0.920295238494873,0.079704754,0.92029524
/Volumes/Yuchen_Drive/Chest_xray/test/NORMAL/IM-0006-0001.jpeg,0,1,0.8181400895118713,0.18185988,0.8181401
/Volumes/Yuchen_Drive/Chest_xray/test/PNEUMONIA/person78_bacteria_378.jpeg,1,1,0.9492437839508057,0.050756227,0.9492438
/Volumes/Yuchen_Drive/Chest_xray/test/PNEUMONIA/person139_bacteria_665.jpeg,1,1,0.9748894572257996,0.025110558,0.97488946
/Volumes/Yuchen_Drive/Chest_xray/test/NORMAL/NORMAL2-IM-0096-0001.jpeg,0,1,0.8685466647148132,0.13145326,0.86854666
/Volumes/Yuchen_Drive/Chest_xray/test/NORMAL/NORMAL2-IM-0331-0001.jpeg,0,0,0.7559933662414551,0.75599337,0.24400663
/Volumes/Yuchen_Drive/Chest_xray/test/PNEUMONIA/person104_bacteria_491.jpeg,1,1,0.9794832468032837,0.020516805,0.97948325
/Volumes/Yuchen_Drive/Chest_xray/test/NORMAL/NORMAL2-IM-0129-0001.jpeg,0,0,0.7683611512184143,0.76836115,0.2316389
/Volumes/Yuchen_Drive/Chest_xray/test/PNEUMONIA/person92_bacteria_450.jpeg,1,1,0.9080243706703186,0.09197558,0.9080244
/Volumes/Yuchen_Drive/Chest_xray/test/NORMAL/NORMAL2-IM-0117-0001.jpeg,0,1,0.7272874712944031,0.27271256,0.7272875
/Volumes/Yuchen_Drive/Chest_xray/test/PNEUMONIA/person82_bacteria_404.jpeg,1,1,0.9659793376922607,0.034020666,0.96597934
/Volumes/Yuchen_Drive/Chest_xray/test/PNEUMONIA/person31_virus_70.jpeg,1,1,0.9821861982345581,0.017813789,0.9821862
/Volumes/Yuchen_Drive/Chest_xray/test/NORMAL/NORMAL2-IM-0277-0001.jpeg,0,0,0.7156136631965637,0.71561366,0.2843863
/Volumes/Yuchen_Drive/Chest_xray/test/PNEUMONIA/person1672_virus_2888.jpeg,1,1,0.7342348098754883,0.26576516,0.7342348
/Volumes/Yuchen_Drive/Chest_xray/test/PNEUMONIA/person175_bacteria_834.jpeg,1,1,0.9621382355690002,0.037861757,0.96213824
/Volumes/Yuchen_Drive/Chest_xray/test/PNEUMONIA/person111_bacteria_537.jpeg,1,1,0.9546797871589661,0.04532023,0.9546798
/Volumes/Yuchen_Drive/Chest_xray/test/NORMAL/IM-0085-0001.jpeg,0,0,0.8884076476097107,0.88840765,0.11159234
/Volumes/Yuchen_Drive/Chest_xray/test/PNEUMONIA/person69_virus_129.jpeg,1,1,0.8467832207679749,0.15321678,0.8467832
/Volumes/Yuchen_Drive/Chest_xray/test/PNEUMONIA/person22_virus_54.jpeg,1,0,0.5943418741226196,0.5943419,0.40565807
/Volumes/Yuchen_Drive/Chest_xray/test/NORMAL/NORMAL2-IM-0171-0001.jpeg,0,1,0.8274491429328918,0.17255089,0.82744914
/Volumes/Yuchen_Drive/Chest_xray/test/PNEUMONIA/person66_virus_125.jpeg,1,1,0.8402778506278992,0.15972215,0.84027785
/Volumes/Yuchen_Drive/Chest_xray/test/PNEUMONIA/person1612_virus_2798.jpeg,1,1,0.9490169882774353,0.050982974,0.949017
/Volumes/Yuchen_Drive/Chest_xray/test/NORMAL/NORMAL2-IM-0280-0001.jpeg,0,0,0.8840766549110413,0.88407665,0.11592338
/Volumes/Yuchen_Drive/Chest_xray/test/PNEUMONIA/person104_bacteria_492.jpeg,1,1,0.9994161128997803,0.0005839499,0.9994161
/Volumes/Yuchen_Drive/Chest_xray/test/PNEUMONIA/person119_bacteria_565.jpeg,1,1,0.9992545247077942,0.00074547675,0.9992545
/Volumes/Yuchen_Drive/Chest_xray/test/PNEUMONIA/person172_bacteria_828.jpeg,1,1,0.7924500107765198,0.20754996,0.79245
/Volumes/Yuchen_Drive/Chest_xray/test/PNEUMONIA/person150_bacteria_717.jpeg,1,1,0.8917060494422913,0.108293965,0.89170605
/Volumes/Yuchen_Drive/Chest_xray/test/PNEUMONIA/person146_bacteria_703.jpeg,1,1,0.9851933121681213,0.01480665,0.9851933
/Volumes/Yuchen_Drive/Chest_xray/test/PNEUMONIA/person30_virus_69.jpeg,1,1,0.959541380405426,0.04045864,0.9595414
/Volumes/Yuchen_Drive/Chest_xray/test/PNEUMONIA/person1656_virus_2862.jpeg,1,1,0.5000885725021362,0.49991146,0.5000886
/Volumes/Yuchen_Drive/Chest_xray/test/NORMAL/NORMAL2-IM-0335-0001.jpeg,0,1,0.7839611172676086,0.21603893,0.7839611
/Volumes/Yuchen_Drive/Chest_xray/test/NORMAL/IM-0075-0001.jpeg,0,0,0.6830283999443054,0.6830284,0.3169716
/Volumes/Yuchen_Drive/Chest_xray/test/PNEUMONIA/person86_bacteria_428.jpeg,1,1,0.5561107397079468,0.44388926,0.55611074
/Volumes/Yuchen_Drive/Chest_xray/test/PNEUMONIA/person122_bacteria_584.jpeg,1,1,0.8633622527122498,0.13663778,0.86336225
/Volumes/Yuchen_Drive/Chest_xray/test/NORMAL/IM-0049-0001.jpeg,0,0,0.6527866125106812,0.6527866,0.3472134
/Volumes/Yuchen_Drive/Chest_xray/test/NORMAL/IM-0007-0001.jpeg,0,0,0.7611184120178223,0.7611184,0.23888156
/Volumes/Yuchen_Drive/Chest_xray/test/NORMAL/IM-0015-0001.jpeg,0,1,0.6893951296806335,0.31060484,0.6893951
/Volumes/Yuchen_Drive/Chest_xray/test/NORMAL/NORMAL2-IM-0353-0001.jpeg,0,1,0.5877796411514282,0.41222036,0.58777964
/Volumes/Yuchen_Drive/Chest_xray/test/PNEUMONIA/person17_virus_48.jpeg,1,1,0.7563073039054871,0.24369276,0.7563073
/Volumes/Yuchen_Drive/Chest_xray/test/NORMAL/NORMAL2-IM-0029-0001.jpeg,0,0,0.9243782758712769,0.9243783,0.075621694
/Volumes/Yuchen_Drive/Chest_xray/test/NORMAL/NORMAL2-IM-0350-0001.jpeg,0,0,0.6763644814491272,0.6763645,0.32363552
/Volumes/Yuchen_Drive/Chest_xray/test/PNEUMONIA/person100_bacteria_478.jpeg,1,1,0.9197716116905212,0.08022834,0.9197716
/Volumes/Yuchen_Drive/Chest_xray/test/NORMAL/NORMAL2-IM-0374-0001-0002.jpeg,0,1,0.5371912717819214,0.46280873,0.5371913
/Volumes/Yuchen_Drive/Chest_xray/test/NORMAL/NORMAL2-IM-0195-0001.jpeg,0,1,0.7761629819869995,0.223837,0.776163
/Volumes/Yuchen_Drive/Chest_xray/test/NORMAL/IM-0033-0001-0002.jpeg,0,0,0.8998300433158875,0.89983004,0.10016994
/Volumes/Yuchen_Drive/Chest_xray/test/PNEUMONIA/person78_bacteria_384.jpeg,1,1,0.9247502088546753,0.07524982,0.9247502
/Volumes/Yuchen_Drive/Chest_xray/test/NORMAL/NORMAL2-IM-0232-0001.jpeg,0,1,0.867033064365387,0.132967,0.86703306
/Volumes/Yuchen_Drive/Chest_xray/test/PNEUMONIA/person78_bacteria_386.jpeg,1,1,0.9533790946006775,0.04662089,0.9533791
/Volumes/Yuchen_Drive/Chest_xray/test/PNEUMONIA/person1634_virus_2830.jpeg,1,1,0.9701741933822632,0.029825855,0.9701742
/Volumes/Yuchen_Drive/Chest_xray/test/NORMAL/IM-0035-0001.jpeg,0,0,0.6343532800674438,0.6343533,0.36564675
/Volumes/Yuchen_Drive/Chest_xray/test/NORMAL/NORMAL2-IM-0349-0001.jpeg,0,1,0.6374197006225586,0.36258027,0.6374197
/Volumes/Yuchen_Drive/Chest_xray/test/NORMAL/NORMAL2-IM-0007-0001.jpeg,0,1,0.6256364583969116,0.37436354,0.62563646
/Volumes/Yuchen_Drive/Chest_xray/test/PNEUMONIA/person1613_virus_2799.jpeg,1,1,0.9786255359649658,0.021374464,0.97862554
/Volumes/Yuchen_Drive/Chest_xray/test/PNEUMONIA/person63_virus_121.jpeg,1,1,0.9749488234519958,0.025051104,0.9749488
/Volumes/Yuchen_Drive/Chest_xray/test/PNEUMONIA/person1645_virus_2845.jpeg,1,1,0.8110547661781311,0.1889453,0.81105477
/Volumes/Yuchen_Drive/Chest_xray/test/NORMAL/NORMAL2-IM-0013-0001.jpeg,0,0,0.8355709314346313,0.83557093,0.16442913
/Volumes/Yuchen_Drive/Chest_xray/test/NORMAL/IM-0005-0001.jpeg,0,1,0.7990657091140747,0.20093426,0.7990657
/Volumes/Yuchen_Drive/Chest_xray/test/NORMAL/IM-0079-0001.jpeg,0,0,0.8275817632675171,0.82758176,0.17241825
/Volumes/Yuchen_Drive/Chest_xray/test/PNEUMONIA/person158_bacteria_743.jpeg,1,1,0.8863095641136169,0.11369039,0.88630956
/Volumes/Yuchen_Drive/Chest_xray/test/PNEUMONIA/person1657_virus_2864.jpeg,1,1,0.8386101126670837,0.16138989,0.8386101
/Volumes/Yuchen_Drive/Chest_xray/test/PNEUMONIA/person1655_virus_2861.jpeg,1,1,0.5138403177261353,0.4861597,0.5138403
/Volumes/Yuchen_Drive/Chest_xray/test/NORMAL/IM-0022-0001.jpeg,0,1,0.9361633658409119,0.06383666,0.93616337
/Volumes/Yuchen_Drive/Chest_xray/test/PNEUMONIA/person96_bacteria_464.jpeg,1,1,0.9929210543632507,0.007079019,0.99292105
/Volumes/Yuchen_Drive/Chest_xray/test/NORMAL/NORMAL2-IM-0301-0001.jpeg,0,0,0.8534083366394043,0.85340834,0.14659168
/Volumes/Yuchen_Drive/Chest_xray/test/PNEUMONIA/person137_bacteria_655.jpeg,1,1,0.9568648338317871,0.04313519,0.95686483
/Volumes/Yuchen_Drive/Chest_xray/test/PNEUMONIA/person117_bacteria_556.jpeg,1,1,0.9403597712516785,0.059640285,0.9403598
/Volumes/Yuchen_Drive/Chest_xray/test/NORMAL/IM-0071-0001.jpeg,0,0,0.9173341393470764,0.91733414,0.082665876
/Volumes/Yuchen_Drive/Chest_xray/test/NORMAL/IM-0061-0001.jpeg,0,0,0.8537244200706482,0.8537244,0.14627562
/Volumes/Yuchen_Drive/Chest_xray/test/PNEUMONIA/person62_virus_119.jpeg,1,1,0.9601811170578003,0.039818883,0.9601811
/Volumes/Yuchen_Drive/Chest_xray/test/PNEUMONIA/person41_virus_88.jpeg,1,1,0.5315250754356384,0.46847492,0.5315251
/Volumes/Yuchen_Drive/Chest_xray/test/NORMAL/NORMAL2-IM-0102-0001.jpeg,0,1,0.8736397624015808,0.1263602,0.87363976
/Volumes/Yuchen_Drive/Chest_xray/test/NORMAL/NORMAL2-IM-0249-0001.jpeg,0,1,0.5745002627372742,0.42549974,0.57450026
/Volumes/Yuchen_Drive/Chest_xray/test/PNEUMONIA/person51_virus_105.jpeg,1,1,0.5578278303146362,0.44217223,0.55782783
/Volumes/Yuchen_Drive/Chest_xray/test/PNEUMONIA/person118_bacteria_559.jpeg,1,1,0.7904669642448425,0.20953304,0.79046696
/Volumes/Yuchen_Drive/Chest_xray/test/PNEUMONIA/person1628_virus_2822.jpeg,1,1,0.9335395693778992,0.066460475,0.93353957
/Volumes/Yuchen_Drive/Chest_xray/test/NORMAL/NORMAL2-IM-0326-0001.jpeg,0,0,0.68716961145401,0.6871696,0.3128304
/Volumes/Yuchen_Drive/Chest_xray/test/NORMAL/NORMAL2-IM-0110-0001.jpeg,0,0,0.9215432405471802,0.92154324,0.078456804
/Volumes/Yuchen_Drive/Chest_xray/test/NORMAL/NORMAL2-IM-0107-0001.jpeg,0,0,0.7958143949508667,0.7958144,0.20418562
/Volumes/Yuchen_Drive/Chest_xray/test/NORMAL/NORMAL2-IM-0281-0001.jpeg,0,0,0.5881848931312561,0.5881849,0.41181508
/Volumes/Yuchen_Drive/Chest_xray/test/PNEUMONIA/person142_bacteria_684.jpeg,1,1,0.5951389074325562,0.4048611,0.5951389
/Volumes/Yuchen_Drive/Chest_xray/test/PNEUMONIA/person1612_virus_2797.jpeg,1,1,0.9748066663742065,0.025193388,0.97480667
/Volumes/Yuchen_Drive/Chest_xray/test/PNEUMONIA/person95_bacteria_463.jpeg,1,1,0.6516788005828857,0.3483212,0.6516788
/Volumes/Yuchen_Drive/Chest_xray/test/NORMAL/NORMAL2-IM-0351-0001.jpeg,0,0,0.8541338443756104,0.85413384,0.14586619
/Volumes/Yuchen_Drive/Chest_xray/test/NORMAL/IM-0017-0001.jpeg,0,1,0.5218050479888916,0.47819498,0.52180505
/Volumes/Yuchen_Drive/Chest_xray/test/NORMAL/NORMAL2-IM-0027-0001.jpeg,0,0,0.9011282324790955,0.90112823,0.098871835
/Volumes/Yuchen_Drive/Chest_xray/test/PNEUMONIA/person83_bacteria_414.jpeg,1,1,0.6259806752204895,0.3740193,0.6259807
/Volumes/Yuchen_Drive/Chest_xray/test/NORMAL/IM-0070-0001.jpeg,0,0,0.9672759771347046,0.967276,0.032724082
/Volumes/Yuchen_Drive/Chest_xray/test/PNEUMONIA/person46_virus_96.jpeg,1,1,0.8469180464744568,0.15308198,0.84691805
/Volumes/Yuchen_Drive/Chest_xray/test/PNEUMONIA/person122_bacteria_583.jpeg,1,1,0.9754752516746521,0.0245248,0.97547525
/Volumes/Yuchen_Drive/Chest_xray/test/PNEUMONIA/person100_bacteria_479.jpeg,1,1,0.987633466720581,0.012366545,0.98763347
/Volumes/Yuchen_Drive/Chest_xray/test/PNEUMONIA/person19_virus_50.jpeg,1,1,0.9380635619163513,0.061936468,0.93806356
/Volumes/Yuchen_Drive/Chest_xray/test/PNEUMONIA/person109_bacteria_513.jpeg,1,1,0.9861430525779724,0.013856961,0.98614305
/Volumes/Yuchen_Drive/Chest_xray/test/PNEUMONIA/person125_bacteria_595.jpeg,1,1,0.9402784705162048,0.059721515,0.9402785
/Volumes/Yuchen_Drive/Chest_xray/test/NORMAL/NORMAL2-IM-0131-0001.jpeg,0,0,0.7725338339805603,0.77253383,0.22746614
/Volumes/Yuchen_Drive/Chest_xray/test/PNEUMONIA/person127_bacteria_603.jpeg,1,1,0.9530267119407654,0.046973217,0.9530267
/Volumes/Yuchen_Drive/Chest_xray/test/PNEUMONIA/person53_virus_108.jpeg,1,0,0.5390343070030212,0.5390343,0.46096572
/Volumes/Yuchen_Drive/Chest_xray/test/PNEUMONIA/person35_virus_80.jpeg,1,1,0.9534368515014648,0.04656313,0.95343685
/Volumes/Yuchen_Drive/Chest_xray/test/NORMAL/NORMAL2-IM-0381-0001.jpeg,0,0,0.9266868233680725,0.9266868,0.073313184
/Volumes/Yuchen_Drive/Chest_xray/test/PNEUMONIA/person29_virus_64.jpeg,1,1,0.9757639765739441,0.024235953,0.975764
/Volumes/Yuchen_Drive/Chest_xray/test/PNEUMONIA/person87_bacteria_433.jpeg,1,1,0.9965357780456543,0.0034642597,0.9965358
/Volumes/Yuchen_Drive/Chest_xray/test/PNEUMONIA/person1651_virus_2855.jpeg,1,1,0.9222437143325806,0.07775631,0.9222437
/Volumes/Yuchen_Drive/Chest_xray/test/NORMAL/NORMAL2-IM-0380-0001.jpeg,0,0,0.7682973742485046,0.7682974,0.23170263
/Volumes/Yuchen_Drive/Chest_xray/test/PNEUMONIA/person120_bacteria_573.jpeg,1,1,0.7723168730735779,0.22768313,0.7723169
/Volumes/Yuchen_Drive/Chest_xray/test/PNEUMONIA/person1627_virus_2819.jpeg,1,1,0.9696733355522156,0.030326672,0.96967334
/Volumes/Yuchen_Drive/Chest_xray/test/NORMAL/IM-0091-0001.jpeg,0,1,0.7027627825737,0.29723722,0.7027628
/Volumes/Yuchen_Drive/Chest_xray/test/NORMAL/IM-0011-0001-0002.jpeg,0,0,0.81783127784729,0.8178313,0.1821688
/Volumes/Yuchen_Drive/Chest_xray/test/PNEUMONIA/person138_bacteria_657.jpeg,1,1,0.9377030730247498,0.062296934,0.9377031
/Volumes/Yuchen_Drive/Chest_xray/test/PNEUMONIA/person103_bacteria_489.jpeg,1,1,0.9670987725257874,0.032901257,0.9670988
/Volumes/Yuchen_Drive/Chest_xray/test/NORMAL/NORMAL2-IM-0325-0001.jpeg,0,0,0.7542915940284729,0.7542916,0.24570844
/Volumes/Yuchen_Drive/Chest_xray/test/NORMAL/NORMAL2-IM-0319-0001.jpeg,0,0,0.891568660736084,0.89156866,0.10843138
/Volumes/Yuchen_Drive/Chest_xray/test/NORMAL/NORMAL2-IM-0317-0001.jpeg,0,0,0.7719398140907288,0.7719398,0.22806022
/Volumes/Yuchen_Drive/Chest_xray/test/PNEUMONIA/person87_bacteria_434.jpeg,1,1,0.8921095728874207,0.10789041,0.8921096
/Volumes/Yuchen_Drive/Chest_xray/test/PNEUMONIA/person71_virus_132.jpeg,1,1,0.9718235731124878,0.028176442,0.9718236
/Volumes/Yuchen_Drive/Chest_xray/test/NORMAL/IM-0093-0001.jpeg,0,0,0.9680452942848206,0.9680453,0.031954728
/Volumes/Yuchen_Drive/Chest_xray/test/PNEUMONIA/person1660_virus_2869.jpeg,1,1,0.8981505036354065,0.10184952,0.8981505
/Volumes/Yuchen_Drive/Chest_xray/test/NORMAL/IM-0028-0001.jpeg,0,1,0.5610877275466919,0.43891227,0.5610877
/Volumes/Yuchen_Drive/Chest_xray/test/NORMAL/NORMAL2-IM-0207-0001.jpeg,0,0,0.7892707586288452,0.78927076,0.21072924
/Volumes/Yuchen_Drive/Chest_xray/test/PNEUMONIA/person100_bacteria_477.jpeg,1,1,0.7483499050140381,0.25165007,0.7483499
/Volumes/Yuchen_Drive/Chest_xray/test/PNEUMONIA/person1616_virus_2802.jpeg,1,0,0.7749608755111694,0.7749609,0.22503917
/Volumes/Yuchen_Drive/Chest_xray/test/NORMAL/IM-0010-0001.jpeg,0,1,0.611955463886261,0.38804463,0.61195546
/Volumes/Yuchen_Drive/Chest_xray/test/PNEUMONIA/person1629_virus_2823.jpeg,1,1,0.8687285780906677,0.13127147,0.8687286
/Volumes/Yuchen_Drive/Chest_xray/test/PNEUMONIA/person133_bacteria_633.jpeg,1,1,0.9958850741386414,0.0041148565,0.9958851
/Volumes/Yuchen_Drive/Chest_xray/test/PNEUMONIA/person124_bacteria_591.jpeg,1,1,0.9592890739440918,0.04071095,0.9592891
/Volumes/Yuchen_Drive/Chest_xray/test/NORMAL/NORMAL2-IM-0352-0001.jpeg,0,0,0.7679136395454407,0.76791364,0.23208636
/Volumes/Yuchen_Drive/Chest_xray/test/PNEUMONIA/person121_bacteria_576.jpeg,1,1,0.9893283247947693,0.010671624,0.9893283
/Volumes/Yuchen_Drive/Chest_xray/test/PNEUMONIA/person1661_virus_2873.jpeg,1,1,0.9941707253456116,0.0058292923,0.9941707
/Volumes/Yuchen_Drive/Chest_xray/test/PNEUMONIA/person145_bacteria_696.jpeg,1,1,0.9713624119758606,0.028637556,0.9713624
/Volumes/Yuchen_Drive/Chest_xray/test/PNEUMONIA/person155_bacteria_730.jpeg,1,1,0.6624777913093567,0.33752224,0.6624778
/Volumes/Yuchen_Drive/Chest_xray/test/NORMAL/NORMAL2-IM-0329-0001.jpeg,0,0,0.6912446618080139,0.69124466,0.30875528
/Volumes/Yuchen_Drive/Chest_xray/test/NORMAL/NORMAL2-IM-0372-0001.jpeg,0,0,0.9317096471786499,0.93170965,0.06829032
/Volumes/Yuchen_Drive/Chest_xray/test/PNEUMONIA/person146_bacteria_700.jpeg,1,1,0.9636884331703186,0.03631162,0.96368843
/Volumes/Yuchen_Drive/Chest_xray/test/PNEUMONIA/person134_bacteria_643.jpeg,1,1,0.9695866703987122,0.0304133,0.9695867
/Volumes/Yuchen_Drive/Chest_xray/test/NORMAL/NORMAL2-IM-0210-0001.jpeg,0,1,0.840416431427002,0.15958354,0.84041643
/Volumes/Yuchen_Drive/Chest_xray/test/NORMAL/NORMAL2-IM-0251-0001.jpeg,0,1,0.8599838018417358,0.14001621,0.8599838
/Volumes/Yuchen_Drive/Chest_xray/test/PNEUMONIA/person28_virus_62.jpeg,1,1,0.8230631947517395,0.17693685,0.8230632
/Volumes/Yuchen_Drive/Chest_xray/test/PNEUMONIA/person136_bacteria_654.jpeg,1,1,0.668769896030426,0.33123007,0.6687699
/Volumes/Yuchen_Drive/Chest_xray/test/PNEUMONIA/person1_virus_12.jpeg,1,1,0.9539840817451477,0.046015896,0.9539841
/Volumes/Yuchen_Drive/Chest_xray/test/PNEUMONIA/person1674_virus_2890.jpeg,1,0,0.91346275806427,0.91346276,0.08653726
/Volumes/Yuchen_Drive/Chest_xray/test/PNEUMONIA/person138_bacteria_659.jpeg,1,1,0.9863618612289429,0.013638183,0.98636186
/Volumes/Yuchen_Drive/Chest_xray/test/NORMAL/NORMAL2-IM-0274-0001.jpeg,0,0,0.9488722681999207,0.94887227,0.05112776
/Volumes/Yuchen_Drive/Chest_xray/test/PNEUMONIA/person134_bacteria_644.jpeg,1,1,0.9695866703987122,0.0304133,0.9695867
/Volumes/Yuchen_Drive/Chest_xray/test/PNEUMONIA/person1640_virus_2839.jpeg,1,1,0.9526672959327698,0.047332704,0.9526673
/Volumes/Yuchen_Drive/Chest_xray/test/NORMAL/NORMAL2-IM-0273-0001.jpeg,0,0,0.835878312587738,0.8358783,0.1641217
/Volumes/Yuchen_Drive/Chest_xray/test/PNEUMONIA/person149_bacteria_713.jpeg,1,1,0.6374499201774597,0.3625501,0.6374499
/Volumes/Yuchen_Drive/Chest_xray/test/PNEUMONIA/person36_virus_81.jpeg,1,1,0.9413261413574219,0.058673866,0.94132614
/Volumes/Yuchen_Drive/Chest_xray/test/PNEUMONIA/person37_virus_82.jpeg,1,1,0.9663770794868469,0.03362291,0.9663771
/Volumes/Yuchen_Drive/Chest_xray/test/PNEUMONIA/person130_bacteria_623.jpeg,1,1,0.8349486589431763,0.16505131,0.83494866
/Volumes/Yuchen_Drive/Chest_xray/test/PNEUMONIA/person1_virus_9.jpeg,1,1,0.9949066042900085,0.0050933603,0.9949066
/Volumes/Yuchen_Drive/Chest_xray/test/NORMAL/NORMAL2-IM-0237-0001.jpeg,0,1,0.834273636341095,0.16572635,0.83427364
/Volumes/Yuchen_Drive/Chest_xray/test/NORMAL/IM-0073-0001.jpeg,0,1,0.6787273287773132,0.32127267,0.6787273
/Volumes/Yuchen_Drive/Chest_xray/test/PNEUMONIA/person80_bacteria_391.jpeg,1,1,0.9988874793052673,0.0011124796,0.9988875
/Volumes/Yuchen_Drive/Chest_xray/test/PNEUMONIA/person141_bacteria_670.jpeg,1,1,0.9181786775588989,0.08182137,0.9181787
/Volumes/Yuchen_Drive/Chest_xray/test/NORMAL/IM-0013-0001.jpeg,0,1,0.5697039365768433,0.43029606,0.56970394
/Volumes/Yuchen_Drive/Chest_xray/test/PNEUMONIA/person158_bacteria_742.jpeg,1,1,0.9495655298233032,0.05043448,0.94956553
/Volumes/Yuchen_Drive/Chest_xray/test/PNEUMONIA/person1673_virus_2889.jpeg,1,1,0.9817721843719482,0.01822784,0.9817722
/Volumes/Yuchen_Drive/Chest_xray/test/PNEUMONIA/person1610_virus_2793.jpeg,1,1,0.6359735131263733,0.36402646,0.6359735
/Volumes/Yuchen_Drive/Chest_xray/test/PNEUMONIA/person119_bacteria_567.jpeg,1,1,0.5059162378311157,0.49408382,0.50591624
/Volumes/Yuchen_Drive/Chest_xray/test/PNEUMONIA/person39_virus_85.jpeg,1,1,0.9364076852798462,0.06359224,0.9364077
/Volumes/Yuchen_Drive/Chest_xray/test/NORMAL/IM-0041-0001.jpeg,0,1,0.6013408899307251,0.39865908,0.6013409
/Volumes/Yuchen_Drive/Chest_xray/test/NORMAL/NORMAL2-IM-0341-0001.jpeg,0,0,0.8827812671661377,0.88278127,0.117218725
/Volumes/Yuchen_Drive/Chest_xray/test/NORMAL/NORMAL2-IM-0141-0001.jpeg,0,0,0.8359043002128601,0.8359043,0.16409574
/Volumes/Yuchen_Drive/Chest_xray/test/NORMAL/NORMAL2-IM-0323-0001.jpeg,0,0,0.8862160444259644,0.88621604,0.113783956
/Volumes/Yuchen_Drive/Chest_xray/test/PNEUMONIA/person1628_virus_2821.jpeg,1,1,0.932676374912262,0.06732361,0.9326764
/Volumes/Yuchen_Drive/Chest_xray/test/NORMAL/NORMAL2-IM-0294-0001.jpeg,0,0,0.9111809730529785,0.911181,0.08881901
/Volumes/Yuchen_Drive/Chest_xray/test/PNEUMONIA/person1608_virus_2786.jpeg,1,1,0.8320267200469971,0.16797328,0.8320267
/Volumes/Yuchen_Drive/Chest_xray/test/NORMAL/IM-0081-0001.jpeg,0,0,0.9091798663139343,0.90917987,0.09082015
/Volumes/Yuchen_Drive/Chest_xray/test/PNEUMONIA/person33_virus_72.jpeg,1,1,0.934469997882843,0.065530084,0.93447
/Volumes/Yuchen_Drive/Chest_xray/test/PNEUMONIA/person157_bacteria_735.jpeg,1,1,0.9945082068443298,0.0054917526,0.9945082
/Volumes/Yuchen_Drive/Chest_xray/test/PNEUMONIA/person128_bacteria_607.jpeg,1,1,0.96904456615448,0.030955411,0.96904457
/Volumes/Yuchen_Drive/Chest_xray/test/PNEUMONIA/person81_bacteria_398.jpeg,1,1,0.8978410363197327,0.10215899,0.89784104
/Volumes/Yuchen_Drive/Chest_xray/test/PNEUMONIA/person117_bacteria_553.jpeg,1,1,0.8812102675437927,0.1187897,0.88121027
/Volumes/Yuchen_Drive/Chest_xray/test/PNEUMONIA/person34_virus_76.jpeg,1,1,0.7266278266906738,0.27337214,0.7266278
/Volumes/Yuchen_Drive/Chest_xray/test/PNEUMONIA/person83_bacteria_412.jpeg,1,1,0.9546219706535339,0.04537801,0.954622
/Volumes/Yuchen_Drive/Chest_xray/test/PNEUMONIA/person114_bacteria_545.jpeg,1,1,0.9688538312911987,0.031146089,0.96885383
/Volumes/Yuchen_Drive/Chest_xray/test/PNEUMONIA/person110_bacteria_531.jpeg,1,1,0.9895167946815491,0.010483203,0.9895168
/Volumes/Yuchen_Drive/Chest_xray/test/PNEUMONIA/person142_bacteria_682.jpeg,1,1,0.7548159956932068,0.2451841,0.754816
/Volumes/Yuchen_Drive/Chest_xray/test/PNEUMONIA/person100_bacteria_482.jpeg,1,1,0.8786162734031677,0.121383734,0.8786163
/Volumes/Yuchen_Drive/Chest_xray/test/PNEUMONIA/person92_bacteria_451.jpeg,1,1,0.9746667742729187,0.025333237,0.9746668
/Volumes/Yuchen_Drive/Chest_xray/test/NORMAL/IM-0059-0001.jpeg,0,0,0.9803204536437988,0.98032045,0.019679515
/Volumes/Yuchen_Drive/Chest_xray/test/NORMAL/NORMAL2-IM-0259-0001.jpeg,0,1,0.9421601891517639,0.057839822,0.9421602
/Volumes/Yuchen_Drive/Chest_xray/test/NORMAL/NORMAL2-IM-0283-0001.jpeg,0,0,0.5981090068817139,0.598109,0.40189096
/Volumes/Yuchen_Drive/Chest_xray/test/PNEUMONIA/person1_virus_11.jpeg,1,1,0.9695208072662354,0.030479262,0.9695208
/Volumes/Yuchen_Drive/Chest_xray/test/NORMAL/NORMAL2-IM-0340-0001.jpeg,0,0,0.5473256707191467,0.5473257,0.45267433
/Volumes/Yuchen_Drive/Chest_xray/test/NORMAL/IM-0011-0001.jpeg,0,1,0.5150696635246277,0.4849304,0.51506966
/Volumes/Yuchen_Drive/Chest_xray/test/NORMAL/NORMAL2-IM-0348-0001.jpeg,0,0,0.805810809135437,0.8058108,0.19418927
/Volumes/Yuchen_Drive/Chest_xray/test/PNEUMONIA/person173_bacteria_830.jpeg,1,1,0.9927823543548584,0.007217577,0.99278235
/Volumes/Yuchen_Drive/Chest_xray/test/PNEUMONIA/person42_virus_89.jpeg,1,1,0.9898828864097595,0.010117088,0.9898829
/Volumes/Yuchen_Drive/Chest_xray/test/PNEUMONIA/person114_bacteria_544.jpeg,1,1,0.9182835817337036,0.08171635,0.9182836
/Volumes/Yuchen_Drive/Chest_xray/test/PNEUMONIA/person121_bacteria_578.jpeg,1,1,0.997918426990509,0.0020815677,0.9979184
/Volumes/Yuchen_Drive/Chest_xray/test/PNEUMONIA/person141_bacteria_681.jpeg,1,1,0.9966778755187988,0.003322185,0.9966779
/Volumes/Yuchen_Drive/Chest_xray/test/PNEUMONIA/person120_bacteria_570.jpeg,1,1,0.9440903067588806,0.055909712,0.9440903
/Volumes/Yuchen_Drive/Chest_xray/test/PNEUMONIA/person3_virus_15.jpeg,1,1,0.9839150905609131,0.016084934,0.9839151
/Volumes/Yuchen_Drive/Chest_xray/test/PNEUMONIA/person108_bacteria_506.jpeg,1,1,0.9617581963539124,0.038241826,0.9617582
/Volumes/Yuchen_Drive/Chest_xray/test/PNEUMONIA/person154_bacteria_728.jpeg,1,0,0.9444119930267334,0.944412,0.05558799
/Volumes/Yuchen_Drive/Chest_xray/test/PNEUMONIA/person48_virus_100.jpeg,1,1,0.9791656136512756,0.020834308,0.9791656
/Volumes/Yuchen_Drive/Chest_xray/test/PNEUMONIA/person1615_virus_2801.jpeg,1,1,0.7298410534858704,0.27015892,0.72984105
/Volumes/Yuchen_Drive/Chest_xray/test/NORMAL/IM-0031-0001.jpeg,0,0,0.5277520418167114,0.52775204,0.47224796
/Volumes/Yuchen_Drive/Chest_xray/test/PNEUMONIA/person1669_virus_2885.jpeg,1,1,0.9699940085411072,0.030005991,0.969994
/Volumes/Yuchen_Drive/Chest_xray/test/NORMAL/IM-0016-0001.jpeg,0,1,0.7745806574821472,0.22541934,0.77458066
/Volumes/Yuchen_Drive/Chest_xray/test/NORMAL/NORMAL2-IM-0303-0001.jpeg,0,0,0.702395498752594,0.7023955,0.29760453
/Volumes/Yuchen_Drive/Chest_xray/test/NORMAL/NORMAL2-IM-0229-0001.jpeg,0,1,0.9486680030822754,0.05133204,0.948668
/Volumes/Yuchen_Drive/Chest_xray/test/PNEUMONIA/person32_virus_71.jpeg,1,0,0.5112428069114685,0.5112428,0.48875722
/Volumes/Yuchen_Drive/Chest_xray/test/NORMAL/NORMAL2-IM-0300-0001.jpeg,0,0,0.7738285064697266,0.7738285,0.2261715
/Volumes/Yuchen_Drive/Chest_xray/test/PNEUMONIA/person133_bacteria_637.jpeg,1,1,0.9170557856559753,0.08294421,0.9170558
/Volumes/Yuchen_Drive/Chest_xray/test/PNEUMONIA/person143_bacteria_687.jpeg,1,1,0.9309677481651306,0.06903226,0.93096775
/Volumes/Yuchen_Drive/Chest_xray/test/PNEUMONIA/person1619_virus_2806.jpeg,1,1,0.8990755081176758,0.1009245,0.8990755
/Volumes/Yuchen_Drive/Chest_xray/test/PNEUMONIA/person1667_virus_2881.jpeg,1,1,0.9427167773246765,0.057283167,0.9427168
/Volumes/Yuchen_Drive/Chest_xray/test/NORMAL/NORMAL2-IM-0272-0001.jpeg,0,0,0.8021748661994934,0.80217487,0.19782512
/Volumes/Yuchen_Drive/Chest_xray/test/NORMAL/IM-0111-0001.jpeg,0,0,0.8122571706771851,0.8122572,0.18774278
/Volumes/Yuchen_Drive/Chest_xray/test/PNEUMONIA/person86_bacteria_429.jpeg,1,1,0.5555804967880249,0.44441947,0.5555805
/Volumes/Yuchen_Drive/Chest_xray/test/NORMAL/NORMAL2-IM-0222-0001.jpeg,0,0,0.5203741192817688,0.5203741,0.47962585
/Volumes/Yuchen_Drive/Chest_xray/test/NORMAL/NORMAL2-IM-0045-0001.jpeg,0,0,0.9545354247093201,0.9545354,0.045464635
/Volumes/Yuchen_Drive/Chest_xray/test/NORMAL/NORMAL2-IM-0310-0001.jpeg,0,0,0.9720638990402222,0.9720639,0.027936136
/Volumes/Yuchen_Drive/Chest_xray/test/PNEUMONIA/person81_bacteria_395.jpeg,1,1,0.9230557680130005,0.0769442,0.92305577
/Volumes/Yuchen_Drive/Chest_xray/test/PNEUMONIA/person1662_virus_2875.jpeg,1,1,0.9617338180541992,0.038266182,0.9617338
/Volumes/Yuchen_Drive/Chest_xray/test/PNEUMONIA/person91_bacteria_449.jpeg,1,1,0.8245210647583008,0.17547897,0.82452106
/Volumes/Yuchen_Drive/Chest_xray/test/NORMAL/IM-0011-0001-0001.jpeg,0,1,0.6627489924430847,0.33725104,0.662749
/Volumes/Yuchen_Drive/Chest_xray/test/PNEUMONIA/person174_bacteria_832.jpeg,1,1,0.7126192450523376,0.28738078,0.71261925
/Volumes/Yuchen_Drive/Chest_xray/test/PNEUMONIA/person53_virus_107.jpeg,1,1,0.7980589866638184,0.20194103,0.798059
/Volumes/Yuchen_Drive/Chest_xray/test/PNEUMONIA/person1653_virus_2859.jpeg,1,1,0.5165302753448486,0.4834697,0.5165303
/Volumes/Yuchen_Drive/Chest_xray/test/NORMAL/IM-0103-0001.jpeg,0,0,0.9889533519744873,0.98895335,0.01104669
/Volumes/Yuchen_Drive/Chest_xray/test/NORMAL/NORMAL2-IM-0246-0001-0002.jpeg,0,1,0.7356839776039124,0.26431602,0.735684
/Volumes/Yuchen_Drive/Chest_xray/test/NORMAL/IM-0097-0001.jpeg,0,0,0.8485615849494934,0.8485616,0.15143844
/Volumes/Yuchen_Drive/Chest_xray/test/NORMAL/NORMAL2-IM-0328-0001.jpeg,0,0,0.6348939538002014,0.63489395,0.36510605
/Volumes/Yuchen_Drive/Chest_xray/test/PNEUMONIA/person136_bacteria_650.jpeg,1,1,0.9826776385307312,0.017322354,0.98267764
/Volumes/Yuchen_Drive/Chest_xray/test/PNEUMONIA/person82_bacteria_402.jpeg,1,1,0.9232837557792664,0.07671625,0.92328376
/Volumes/Yuchen_Drive/Chest_xray/test/NORMAL/NORMAL2-IM-0132-0001.jpeg,0,0,0.6275373697280884,0.62753737,0.3724627
/Volumes/Yuchen_Drive/Chest_xray/test/PNEUMONIA/person45_virus_95.jpeg,1,0,0.6627702713012695,0.6627703,0.3372297
/Volumes/Yuchen_Drive/Chest_xray/test/PNEUMONIA/person136_bacteria_649.jpeg,1,1,0.9852129220962524,0.014787131,0.9852129
/Volumes/Yuchen_Drive/Chest_xray/test/PNEUMONIA/person128_bacteria_605.jpeg,1,1,0.9909647703170776,0.009035223,0.9909648
/Volumes/Yuchen_Drive/Chest_xray/test/PNEUMONIA/person24_virus_58.jpeg,1,1,0.9292563199996948,0.07074369,0.9292563
/Volumes/Yuchen_Drive/Chest_xray/test/PNEUMONIA/person101_bacteria_486.jpeg,1,1,0.9713041186332703,0.028695857,0.9713041
/Volumes/Yuchen_Drive/Chest_xray/test/NORMAL/NORMAL2-IM-0059-0001.jpeg,0,0,0.8750858306884766,0.87508583,0.12491409
/Volumes/Yuchen_Drive/Chest_xray/test/NORMAL/NORMAL2-IM-0282-0001.jpeg,0,0,0.5376718640327454,0.53767186,0.46232814
/Volumes/Yuchen_Drive/Chest_xray/test/PNEUMONIA/person1647_virus_2848.jpeg,1,1,0.694637656211853,0.30536237,0.69463766
/Volumes/Yuchen_Drive/Chest_xray/test/PNEUMONIA/person43_virus_92.jpeg,1,1,0.9061827659606934,0.093817286,0.90618277
/Volumes/Yuchen_Drive/Chest_xray/test/PNEUMONIA/person1649_virus_2850.jpeg,1,1,0.9789697527885437,0.021030169,0.97896975
/Volumes/Yuchen_Drive/Chest_xray/test/PNEUMONIA/person109_bacteria_519.jpeg,1,1,0.8920180201530457,0.107982,0.892018
/Volumes/Yuchen_Drive/Chest_xray/test/PNEUMONIA/person134_bacteria_641.jpeg,1,1,0.9553924798965454,0.044607468,0.9553925
/Volumes/Yuchen_Drive/Chest_xray/test/PNEUMONIA/person120_bacteria_572.jpeg,1,1,0.9864576458930969,0.013542369,0.98645765
/Volumes/Yuchen_Drive/Chest_xray/test/NORMAL/NORMAL2-IM-0135-0001.jpeg,0,0,0.7464703917503357,0.7464704,0.25352964
/Volumes/Yuchen_Drive/Chest_xray/test/NORMAL/NORMAL2-IM-0368-0001.jpeg,0,0,0.9096363186836243,0.9096363,0.09036364
/Volumes/Yuchen_Drive/Chest_xray/test/PNEUMONIA/person55_virus_110.jpeg,1,1,0.9780833125114441,0.02191671,0.9780833
/Volumes/Yuchen_Drive/Chest_xray/test/NORMAL/IM-0095-0001.jpeg,0,0,0.5392664074897766,0.5392664,0.46073362
/Volumes/Yuchen_Drive/Chest_xray/test/PNEUMONIA/person109_bacteria_526.jpeg,1,1,0.9548882246017456,0.045111813,0.9548882
/Volumes/Yuchen_Drive/Chest_xray/test/PNEUMONIA/person81_bacteria_396.jpeg,1,1,0.9689409136772156,0.031059118,0.9689409
/Volumes/Yuchen_Drive/Chest_xray/test/NORMAL/NORMAL2-IM-0305-0001.jpeg,0,0,0.8178006410598755,0.81780064,0.18219933
/Volumes/Yuchen_Drive/Chest_xray/test/PNEUMONIA/person1653_virus_2858.jpeg,1,1,0.9090443849563599,0.09095562,0.9090444
/Volumes/Yuchen_Drive/Chest_xray/test/NORMAL/NORMAL2-IM-0139-0001.jpeg,0,0,0.6430612802505493,0.6430613,0.35693875
/Volumes/Yuchen_Drive/Chest_xray/test/PNEUMONIA/person26_virus_60.jpeg,1,1,0.9618738889694214,0.038126055,0.9618739
/Volumes/Yuchen_Drive/Chest_xray/test/NORMAL/IM-0019-0001.jpeg,0,1,0.516238808631897,0.4837612,0.5162388
/Volumes/Yuchen_Drive/Chest_xray/test/PNEUMONIA/person130_bacteria_627.jpeg,1,1,0.9245857000350952,0.075414315,0.9245857
/Volumes/Yuchen_Drive/Chest_xray/test/PNEUMONIA/person78_bacteria_380.jpeg,1,1,0.9496306777000427,0.05036937,0.9496307
/Volumes/Yuchen_Drive/Chest_xray/test/NORMAL/NORMAL2-IM-0316-0001.jpeg,0,1,0.7552106380462646,0.2447893,0.75521064
/Volumes/Yuchen_Drive/Chest_xray/test/PNEUMONIA/person109_bacteria_517.jpeg,1,1,0.9399519562721252,0.060047988,0.93995196
/Volumes/Yuchen_Drive/Chest_xray/test/NORMAL/NORMAL2-IM-0173-0001-0002.jpeg,0,1,0.5935696959495544,0.40643027,0.5935697
/Volumes/Yuchen_Drive/Chest_xray/test/PNEUMONIA/person99_bacteria_473.jpeg,1,1,0.7537607550621033,0.24623924,0.75376076
/Volumes/Yuchen_Drive/Chest_xray/test/PNEUMONIA/person112_bacteria_539.jpeg,1,1,0.8235561847686768,0.17644382,0.8235562
/Volumes/Yuchen_Drive/Chest_xray/test/PNEUMONIA/person109_bacteria_522.jpeg,1,1,0.9642293453216553,0.035770636,0.96422935
/Volumes/Yuchen_Drive/Chest_xray/test/PNEUMONIA/person1643_virus_2843.jpeg,1,1,0.6413271427154541,0.35867286,0.64132714
/Volumes/Yuchen_Drive/Chest_xray/test/PNEUMONIA/person152_bacteria_721.jpeg,1,1,0.9376015067100525,0.062398486,0.9376015
/Volumes/Yuchen_Drive/Chest_xray/test/PNEUMONIA/person20_virus_51.jpeg,1,0,0.633124589920044,0.6331246,0.36687538
/Volumes/Yuchen_Drive/Chest_xray/test/PNEUMONIA/person138_bacteria_658.jpeg,1,1,0.7655006051063538,0.23449942,0.7655006
/Volumes/Yuchen_Drive/Chest_xray/test/PNEUMONIA/person1669_virus_2884.jpeg,1,1,0.8629089593887329,0.13709104,0.86290896
/Volumes/Yuchen_Drive/Chest_xray/test/PNEUMONIA/person74_virus_135.jpeg,1,1,0.9202216267585754,0.079778336,0.9202216
/Volumes/Yuchen_Drive/Chest_xray/test/PNEUMONIA/person122_bacteria_582.jpeg,1,1,0.9929062128067017,0.007093754,0.9929062
/Volumes/Yuchen_Drive/Chest_xray/test/PNEUMONIA/person67_virus_126.jpeg,1,1,0.9831839203834534,0.016816067,0.9831839
/Volumes/Yuchen_Drive/Chest_xray/test/PNEUMONIA/person1_virus_7.jpeg,1,1,0.9441415667533875,0.055858415,0.94414157
/Volumes/Yuchen_Drive/Chest_xray/test/NORMAL/NORMAL2-IM-0271-0001.jpeg,0,0,0.5141087174415588,0.5141087,0.4858913
/Volumes/Yuchen_Drive/Chest_xray/test/PNEUMONIA/person111_bacteria_535.jpeg,1,1,0.9424420595169067,0.05755791,0.94244206
/Volumes/Yuchen_Drive/Chest_xray/test/PNEUMONIA/person78_bacteria_387.jpeg,1,1,0.7869763970375061,0.21302359,0.7869764
/Volumes/Yuchen_Drive/Chest_xray/test/PNEUMONIA/person38_virus_83.jpeg,1,1,0.9398618340492249,0.060138192,0.93986183
/Volumes/Yuchen_Drive/Chest_xray/test/PNEUMONIA/person94_bacteria_456.jpeg,1,1,0.972724437713623,0.027275618,0.97272444
/Volumes/Yuchen_Drive/Chest_xray/test/PNEUMONIA/person108_bacteria_511.jpeg,1,0,0.7865619659423828,0.78656197,0.21343799
/Volumes/Yuchen_Drive/Chest_xray/test/NORMAL/NORMAL2-IM-0286-0001.jpeg,0,0,0.7050147652626038,0.70501477,0.2949853
/Volumes/Yuchen_Drive/Chest_xray/test/PNEUMONIA/person1661_virus_2872.jpeg,1,1,0.9941707253456116,0.0058292923,0.9941707
/Volumes/Yuchen_Drive/Chest_xray/test/PNEUMONIA/person119_bacteria_568.jpeg,1,1,0.6859655380249023,0.31403446,0.68596554
/Volumes/Yuchen_Drive/Chest_xray/test/PNEUMONIA/person8_virus_28.jpeg,1,1,0.8727512955665588,0.12724875,0.8727513
/Volumes/Yuchen_Drive/Chest_xray/test/NORMAL/NORMAL2-IM-0081-0001.jpeg,0,1,0.5655691623687744,0.4344308,0.56556916
/Volumes/Yuchen_Drive/Chest_xray/test/NORMAL/NORMAL2-IM-0221-0001.jpeg,0,1,0.7502617835998535,0.24973817,0.7502618
/Volumes/Yuchen_Drive/Chest_xray/test/PNEUMONIA/person60_virus_117.jpeg,1,1,0.5774468779563904,0.4225531,0.5774469
/Volumes/Yuchen_Drive/Chest_xray/test/NORMAL/NORMAL2-IM-0364-0001.jpeg,0,1,0.9035930037498474,0.09640701,0.903593
/Volumes/Yuchen_Drive/Chest_xray/test/PNEUMONIA/person11_virus_38.jpeg,1,1,0.9362562894821167,0.06374376,0.9362563
/Volumes/Yuchen_Drive/Chest_xray/test/PNEUMONIA/person61_virus_118.jpeg,1,1,0.9938763976097107,0.006123614,0.9938764
/Volumes/Yuchen_Drive/Chest_xray/test/NORMAL/IM-0027-0001.jpeg,0,1,0.633303165435791,0.3666968,0.63330317
/Volumes/Yuchen_Drive/Chest_xray/test/PNEUMONIA/person150_bacteria_716.jpeg,1,1,0.9548906087875366,0.045109365,0.9548906
/Volumes/Yuchen_Drive/Chest_xray/test/NORMAL/NORMAL2-IM-0357-0001.jpeg,0,0,0.946664035320282,0.94666404,0.053335972
/Volumes/Yuchen_Drive/Chest_xray/test/NORMAL/NORMAL2-IM-0123-0001.jpeg,0,0,0.8143887519836426,0.81438875,0.18561128
/Volumes/Yuchen_Drive/Chest_xray/test/PNEUMONIA/person153_bacteria_725.jpeg,1,1,0.9817981123924255,0.018201904,0.9817981
/Volumes/Yuchen_Drive/Chest_xray/test/PNEUMONIA/person1626_virus_2818.jpeg,1,1,0.8456993103027344,0.15430072,0.8456993
/Volumes/Yuchen_Drive/Chest_xray/test/PNEUMONIA/person108_bacteria_507.jpeg,1,1,0.9771026372909546,0.022897381,0.97710264
/Volumes/Yuchen_Drive/Chest_xray/test/NORMAL/NORMAL2-IM-0289-0001.jpeg,0,0,0.830556333065033,0.83055633,0.1694437
/Volumes/Yuchen_Drive/Chest_xray/test/PNEUMONIA/person140_bacteria_668.jpeg,1,0,0.5395519733428955,0.539552,0.46044803
/Volumes/Yuchen_Drive/Chest_xray/test/NORMAL/NORMAL2-IM-0073-0001.jpeg,0,1,0.7434068918228149,0.25659308,0.7434069
/Volumes/Yuchen_Drive/Chest_xray/test/NORMAL/IM-0001-0001.jpeg,0,0,0.5555669069290161,0.5555669,0.44443312
/Volumes/Yuchen_Drive/Chest_xray/test/PNEUMONIA/person85_bacteria_419.jpeg,1,0,0.6062958240509033,0.6062958,0.39370415
/Volumes/Yuchen_Drive/Chest_xray/test/NORMAL/NORMAL2-IM-0072-0001.jpeg,0,0,0.559828519821167,0.5598285,0.44017145
/Volumes/Yuchen_Drive/Chest_xray/test/PNEUMONIA/person142_bacteria_683.jpeg,1,1,0.9980216026306152,0.001978418,0.9980216
/Volumes/Yuchen_Drive/Chest_xray/test/NORMAL/IM-0030-0001.jpeg,0,0,0.845522940158844,0.84552294,0.15447704
/Volumes/Yuchen_Drive/Chest_xray/test/NORMAL/NORMAL2-IM-0246-0001.jpeg,0,1,0.8703065514564514,0.1296934,0.87030655
/Volumes/Yuchen_Drive/Chest_xray/test/NORMAL/NORMAL2-IM-0376-0001.jpeg,0,0,0.8397108316421509,0.83971083,0.16028917
/Volumes/Yuchen_Drive/Chest_xray/test/PNEUMONIA/person1620_virus_2807.jpeg,1,1,0.8693402409553528,0.13065979,0.86934024
/Volumes/Yuchen_Drive/Chest_xray/test/PNEUMONIA/person113_bacteria_540.jpeg,1,1,0.9995631575584412,0.00043679672,0.99956316
/Volumes/Yuchen_Drive/Chest_xray/test/PNEUMONIA/person155_bacteria_729.jpeg,1,1,0.9630460739135742,0.03695398,0.9630461
/Volumes/Yuchen_Drive/Chest_xray/test/PNEUMONIA/person1663_virus_2876.jpeg,1,1,0.9702670574188232,0.02973287,0.97026706
/Volumes/Yuchen_Drive/Chest_xray/test/PNEUMONIA/person38_virus_84.jpeg,1,1,0.8937399983406067,0.10626003,0.89374
/Volumes/Yuchen_Drive/Chest_xray/test/PNEUMONIA/person83_bacteria_409.jpeg,1,1,0.9451033473014832,0.0548966,0.94510335
/Volumes/Yuchen_Drive/Chest_xray/test/NORMAL/NORMAL2-IM-0285-0001.jpeg,0,1,0.8207540512084961,0.17924598,0.82075405
/Volumes/Yuchen_Drive/Chest_xray/test/PNEUMONIA/person130_bacteria_626.jpeg,1,1,0.9116406440734863,0.088359386,0.91164064
/Volumes/Yuchen_Drive/Chest_xray/test/PNEUMONIA/person103_bacteria_490.jpeg,1,1,0.802648663520813,0.19735135,0.80264866
/Volumes/Yuchen_Drive/Chest_xray/test/PNEUMONIA/person109_bacteria_528.jpeg,1,1,0.9360294342041016,0.0639705,0.93602943
/Volumes/Yuchen_Drive/Chest_xray/test/NORMAL/NORMAL2-IM-0256-0001.jpeg,0,1,0.9674514532089233,0.032548565,0.96745145
/Volumes/Yuchen_Drive/Chest_xray/test/PNEUMONIA/person89_bacteria_440.jpeg,1,1,0.772660493850708,0.22733948,0.7726605
/Volumes/Yuchen_Drive/Chest_xray/test/NORMAL/NORMAL2-IM-0112-0001.jpeg,0,0,0.8307429552078247,0.83074296,0.169257
/Volumes/Yuchen_Drive/Chest_xray/test/PNEUMONIA/person1680_virus_2897.jpeg,1,1,0.89151531457901,0.1084847,0.8915153
/Volumes/Yuchen_Drive/Chest_xray/test/PNEUMONIA/person114_bacteria_546.jpeg,1,1,0.9970097541809082,0.0029901962,0.99700975
/Volumes/Yuchen_Drive/Chest_xray/test/NORMAL/NORMAL2-IM-0019-0001.jpeg,0,0,0.8921425938606262,0.8921426,0.107857466
/Volumes/Yuchen_Drive/Chest_xray/test/PNEUMONIA/person78_bacteria_385.jpeg,1,1,0.8822054266929626,0.11779456,0.8822054
/Volumes/Yuchen_Drive/Chest_xray/test/NORMAL/IM-0023-0001.jpeg,0,0,0.7269956469535828,0.72699565,0.27300438
/Volumes/Yuchen_Drive/Chest_xray/test/PNEUMONIA/person64_virus_122.jpeg,1,1,0.9000311493873596,0.09996884,0.90003115
/Volumes/Yuchen_Drive/Chest_xray/test/NORMAL/NORMAL2-IM-0315-0001.jpeg,0,1,0.7287620902061462,0.27123788,0.7287621
/Volumes/Yuchen_Drive/Chest_xray/test/NORMAL/NORMAL2-IM-0346-0001.jpeg,0,0,0.7627792358398438,0.76277924,0.23722076
/Volumes/Yuchen_Drive/Chest_xray/test/PNEUMONIA/person88_bacteria_437.jpeg,1,1,0.8227201700210571,0.17727984,0.82272017
/Volumes/Yuchen_Drive/Chest_xray/test/NORMAL/NORMAL2-IM-0145-0001.jpeg,0,1,0.5113532543182373,0.48864675,0.51135325
/Volumes/Yuchen_Drive/Chest_xray/test/PNEUMONIA/person108_bacteria_504.jpeg,1,1,0.7646193504333496,0.23538074,0.76461935
/Volumes/Yuchen_Drive/Chest_xray/test/NORMAL/IM-0063-0001.jpeg,0,0,0.9783058762550354,0.9783059,0.021694155
/Volumes/Yuchen_Drive/Chest_xray/test/PNEUMONIA/person152_bacteria_724.jpeg,1,0,0.6424058675765991,0.64240587,0.3575941
/Volumes/Yuchen_Drive/Chest_xray/test/PNEUMONIA/person1664_virus_2877.jpeg,1,1,0.8934560418128967,0.10654399,0.89345604
/Volumes/Yuchen_Drive/Chest_xray/test/NORMAL/NORMAL2-IM-0111-0001.jpeg,0,0,0.775373101234436,0.7753731,0.22462685
/Volumes/Yuchen_Drive/Chest_xray/test/PNEUMONIA/person118_bacteria_560.jpeg,1,1,0.8811190724372864,0.118880846,0.8811191
/Volumes/Yuchen_Drive/Chest_xray/test/NORMAL/IM-0087-0001.jpeg,0,0,0.6704234480857849,0.67042345,0.32957655
/Volumes/Yuchen_Drive/Chest_xray/test/PNEUMONIA/person1659_virus_2867.jpeg,1,1,0.8690810203552246,0.13091895,0.869081
/Volumes/Yuchen_Drive/Chest_xray/test/PNEUMONIA/person147_bacteria_707.jpeg,1,0,0.5999467372894287,0.59994674,0.40005317
/Volumes/Yuchen_Drive/Chest_xray/test/PNEUMONIA/person109_bacteria_523.jpeg,1,1,0.9907738566398621,0.009226114,0.99077386
/Volumes/Yuchen_Drive/Chest_xray/test/NORMAL/NORMAL2-IM-0095-0001.jpeg,0,1,0.8685466647148132,0.13145326,0.86854666
/Volumes/Yuchen_Drive/Chest_xray/test/PNEUMONIA/person1_virus_8.jpeg,1,1,0.9830526113510132,0.016947415,0.9830526
/Volumes/Yuchen_Drive/Chest_xray/test/PNEUMONIA/person172_bacteria_827.jpeg,1,1,0.9201574325561523,0.07984258,0.92015743
/Volumes/Yuchen_Drive/Chest_xray/test/PNEUMONIA/person25_virus_59.jpeg,1,1,0.8499147891998291,0.15008523,0.8499148
/Volumes/Yuchen_Drive/Chest_xray/test/PNEUMONIA/person125_bacteria_594.jpeg,1,1,0.9859070777893066,0.014092961,0.9859071
/Volumes/Yuchen_Drive/Chest_xray/test/PNEUMONIA/person3_virus_17.jpeg,1,1,0.9639175534248352,0.036082458,0.96391755
/Volumes/Yuchen_Drive/Chest_xray/test/PNEUMONIA/person1614_virus_2800.jpeg,1,1,0.7882763743400574,0.21172363,0.7882764
/Volumes/Yuchen_Drive/Chest_xray/test/PNEUMONIA/person44_virus_94.jpeg,1,1,0.7140926718711853,0.2859073,0.7140927
/Volumes/Yuchen_Drive/Chest_xray/test/NORMAL/IM-0050-0001.jpeg,0,0,0.6306420564651489,0.63064206,0.36935785
/Volumes/Yuchen_Drive/Chest_xray/test/PNEUMONIA/person161_bacteria_759.jpeg,1,1,0.9975987076759338,0.0024012476,0.9975987
/Volumes/Yuchen_Drive/Chest_xray/test/PNEUMONIA/person111_bacteria_534.jpeg,1,1,0.8925943374633789,0.1074056,0.89259434
/Volumes/Yuchen_Drive/Chest_xray/test/NORMAL/NORMAL2-IM-0092-0001.jpeg,0,0,0.5860943794250488,0.5860944,0.4139056
/Volumes/Yuchen_Drive/Chest_xray/test/PNEUMONIA/person93_bacteria_454.jpeg,1,1,0.9893296360969543,0.0106703555,0.98932964
/Volumes/Yuchen_Drive/Chest_xray/test/PNEUMONIA/person151_bacteria_718.jpeg,1,1,0.9955950379371643,0.004404928,0.99559504
/Volumes/Yuchen_Drive/Chest_xray/test/NORMAL/IM-0045-0001.jpeg,0,1,0.5917227864265442,0.40827718,0.5917228
/Volumes/Yuchen_Drive/Chest_xray/test/NORMAL/NORMAL2-IM-0146-0001.jpeg,0,0,0.7301332354545593,0.73013324,0.26986676
/Volumes/Yuchen_Drive/Chest_xray/test/PNEUMONIA/person159_bacteria_747.jpeg,1,1,0.9846188426017761,0.015381184,0.98461884
/Volumes/Yuchen_Drive/Chest_xray/test/NORMAL/IM-0039-0001.jpeg,0,0,0.5698747038841248,0.5698747,0.4301253
/Volumes/Yuchen_Drive/Chest_xray/test/NORMAL/NORMAL2-IM-0347-0001.jpeg,0,1,0.5905135273933411,0.40948656,0.5905135
/Volumes/Yuchen_Drive/Chest_xray/test/PNEUMONIA/person135_bacteria_646.jpeg,1,1,0.9903046488761902,0.009695439,0.99030465
/Volumes/Yuchen_Drive/Chest_xray/test/PNEUMONIA/person117_bacteria_557.jpeg,1,1,0.6989663243293762,0.3010337,0.6989663
/Volumes/Yuchen_Drive/Chest_xray/test/NORMAL/IM-0033-0001.jpeg,0,0,0.5529116988182068,0.5529117,0.44708833
/Volumes/Yuchen_Drive/Chest_xray/test/PNEUMONIA/person1_virus_13.jpeg,1,1,0.8652610182762146,0.13473897,0.865261
/Volumes/Yuchen_Drive/Chest_xray/test/NORMAL/NORMAL2-IM-0086-0001.jpeg,0,0,0.51350998878479,0.51351,0.48648998
/Volumes/Yuchen_Drive/Chest_xray/test/PNEUMONIA/person126_bacteria_600.jpeg,1,1,0.9870024919509888,0.012997501,0.9870025
/Volumes/Yuchen_Drive/Chest_xray/test/PNEUMONIA/person47_virus_99.jpeg,1,1,0.8083910346031189,0.19160901,0.80839103
/Volumes/Yuchen_Drive/Chest_xray/test/PNEUMONIA/person152_bacteria_722.jpeg,1,1,0.9858629107475281,0.014137059,0.9858629
/Volumes/Yuchen_Drive/Chest_xray/test/PNEUMONIA/person78_bacteria_382.jpeg,1,1,0.8505672216415405,0.1494328,0.8505672
/Volumes/Yuchen_Drive/Chest_xray/test/NORMAL/NORMAL2-IM-0345-0001.jpeg,0,0,0.8259475827217102,0.8259476,0.17405236
/Volumes/Yuchen_Drive/Chest_xray/test/PNEUMONIA/person1631_virus_2826.jpeg,1,1,0.9267987012863159,0.0732013,0.9267987
/Volumes/Yuchen_Drive/Chest_xray/test/PNEUMONIA/person80_bacteria_392.jpeg,1,1,0.9536787867546082,0.046321258,0.9536788
/Volumes/Yuchen_Drive/Chest_xray/test/PNEUMONIA/person82_bacteria_403.jpeg,1,1,0.8931235074996948,0.10687647,0.8931235
/Volumes/Yuchen_Drive/Chest_xray/test/NORMAL/NORMAL2-IM-0275-0001.jpeg,0,0,0.7291625738143921,0.7291626,0.2708374
/Volumes/Yuchen_Drive/Chest_xray/test/PNEUMONIA/person3_virus_16.jpeg,1,1,0.8935459852218628,0.10645403,0.893546
/Volumes/Yuchen_Drive/Chest_xray/test/NORMAL/IM-0065-0001.jpeg,0,0,0.5222389101982117,0.5222389,0.47776106
/Volumes/Yuchen_Drive/Chest_xray/test/PNEUMONIA/person109_bacteria_512.jpeg,1,1,0.9057745337486267,0.09422551,0.90577453
/Volumes/Yuchen_Drive/Chest_xray/test/NORMAL/NORMAL2-IM-0332-0001.jpeg,0,0,0.9405049085617065,0.9405049,0.05949506
/Volumes/Yuchen_Drive/Chest_xray/test/PNEUMONIA/person10_virus_35.jpeg,1,1,0.8592678904533386,0.14073206,0.8592679
/Volumes/Yuchen_Drive/Chest_xray/test/PNEUMONIA/person16_virus_47.jpeg,1,1,0.8017745614051819,0.19822544,0.80177456
/Volumes/Yuchen_Drive/Chest_xray/test/PNEUMONIA/person147_bacteria_706.jpeg,1,1,0.6825636625289917,0.31743634,0.68256366
/Volumes/Yuchen_Drive/Chest_xray/test/NORMAL/NORMAL2-IM-0066-0001.jpeg,0,0,0.7971314191818237,0.7971314,0.20286849
/Volumes/Yuchen_Drive/Chest_xray/test/PNEUMONIA/person128_bacteria_606.jpeg,1,1,0.96904456615448,0.030955411,0.96904457
/Volumes/Yuchen_Drive/Chest_xray/test/PNEUMONIA/person158_bacteria_744.jpeg,1,1,0.9613932371139526,0.038606726,0.96139324
/Volumes/Yuchen_Drive/Chest_xray/test/PNEUMONIA/person1625_virus_2817.jpeg,1,1,0.9039945006370544,0.09600545,0.9039945
/Volumes/Yuchen_Drive/Chest_xray/test/NORMAL/NORMAL2-IM-0354-0001.jpeg,0,0,0.9616283178329468,0.9616283,0.038371652
/Volumes/Yuchen_Drive/Chest_xray/test/PNEUMONIA/person126_bacteria_598.jpeg,1,1,0.9854561686515808,0.01454384,0.98545617
/Volumes/Yuchen_Drive/Chest_xray/test/PNEUMONIA/person1679_virus_2896.jpeg,1,1,0.8674356937408447,0.13256428,0.8674357
/Volumes/Yuchen_Drive/Chest_xray/test/NORMAL/IM-0029-0001.jpeg,0,1,0.5714032053947449,0.42859682,0.5714032
/Volumes/Yuchen_Drive/Chest_xray/test/PNEUMONIA/person1650_virus_2854.jpeg,1,1,0.8689789772033691,0.131021,0.868979
/Volumes/Yuchen_Drive/Chest_xray/test/NORMAL/IM-0084-0001.jpeg,0,0,0.7990240454673767,0.79902405,0.20097603
/Volumes/Yuchen_Drive/Chest_xray/test/NORMAL/NORMAL2-IM-0374-0001-0001.jpeg,0,0,0.8738813400268555,0.87388134,0.12611866
/Volumes/Yuchen_Drive/Chest_xray/test/NORMAL/NORMAL2-IM-0206-0001.jpeg,0,1,0.8896659016609192,0.11033413,0.8896659
/Volumes/Yuchen_Drive/Chest_xray/test/PNEUMONIA/person136_bacteria_648.jpeg,1,1,0.8143293857574463,0.18567061,0.8143294
/Volumes/Yuchen_Drive/Chest_xray/test/NORMAL/NORMAL2-IM-0252-0001.jpeg,0,1,0.8361088037490845,0.1638912,0.8361088
/Volumes/Yuchen_Drive/Chest_xray/test/NORMAL/NORMAL2-IM-0343-0001.jpeg,0,0,0.7801463603973389,0.78014636,0.21985364
/Volumes/Yuchen_Drive/Chest_xray/test/PNEUMONIA/person96_bacteria_466.jpeg,1,1,0.9639284014701843,0.036071606,0.9639284
/Volumes/Yuchen_Drive/Chest_xray/test/PNEUMONIA/person1668_virus_2882.jpeg,1,1,0.6129443645477295,0.3870557,0.61294436
/Volumes/Yuchen_Drive/Chest_xray/test/PNEUMONIA/person100_bacteria_481.jpeg,1,1,0.9756734371185303,0.02432658,0.97567344
/Volumes/Yuchen_Drive/Chest_xray/test/PNEUMONIA/person1650_virus_2852.jpeg,1,1,0.9079130291938782,0.09208701,0.907913
/Volumes/Yuchen_Drive/Chest_xray/test/PNEUMONIA/person23_virus_56.jpeg,1,1,0.9661532044410706,0.033846807,0.9661532
/Volumes/Yuchen_Drive/Chest_xray/test/NORMAL/IM-0110-0001.jpeg,0,1,0.5149655938148499,0.4850344,0.5149656
/Volumes/Yuchen_Drive/Chest_xray/test/PNEUMONIA/person132_bacteria_632.jpeg,1,1,0.9296906590461731,0.0703094,0.92969066
/Volumes/Yuchen_Drive/Chest_xray/test/PNEUMONIA/person85_bacteria_424.jpeg,1,1,0.8030471205711365,0.19695282,0.8030471
/Volumes/Yuchen_Drive/Chest_xray/test/PNEUMONIA/person139_bacteria_662.jpeg,1,1,0.9744415879249573,0.025558382,0.9744416
/Volumes/Yuchen_Drive/Chest_xray/test/PNEUMONIA/person79_virus_148.jpeg,1,1,0.7372781038284302,0.2627219,0.7372781
/Volumes/Yuchen_Drive/Chest_xray/test/PNEUMONIA/person139_bacteria_663.jpeg,1,1,0.9767398238182068,0.023260133,0.9767398
/Volumes/Yuchen_Drive/Chest_xray/test/PNEUMONIA/person146_bacteria_704.jpeg,1,1,0.961089015007019,0.038911022,0.961089
/Volumes/Yuchen_Drive/Chest_xray/test/PNEUMONIA/person83_bacteria_410.jpeg,1,1,0.9454634189605713,0.054536585,0.9454634
/Volumes/Yuchen_Drive/Chest_xray/test/PNEUMONIA/person1632_virus_2827.jpeg,1,1,0.9777281284332275,0.022271842,0.9777281
/Volumes/Yuchen_Drive/Chest_xray/test/PNEUMONIA/person161_bacteria_757.jpeg,1,1,0.8798185586929321,0.12018147,0.87981856
/Volumes/Yuchen_Drive/Chest_xray/test/PNEUMONIA/person1671_virus_2887.jpeg,1,1,0.8587170839309692,0.14128293,0.8587171
/Volumes/Yuchen_Drive/Chest_xray/test/NORMAL/NORMAL2-IM-0150-0001.jpeg,0,0,0.6592847108840942,0.6592847,0.34071526
/Volumes/Yuchen_Drive/Chest_xray/test/PNEUMONIA/person131_bacteria_629.jpeg,1,1,0.9876300692558289,0.0123699475,0.98763007
/Volumes/Yuchen_Drive/Chest_xray/test/PNEUMONIA/person83_bacteria_411.jpeg,1,1,0.9633395075798035,0.03666049,0.9633395
/Volumes/Yuchen_Drive/Chest_xray/test/PNEUMONIA/person40_virus_87.jpeg,1,1,0.7407925724983215,0.25920743,0.7407926
/Volumes/Yuchen_Drive/Chest_xray/test/NORMAL/NORMAL2-IM-0361-0001.jpeg,0,0,0.6905927062034607,0.6905927,0.3094073
/Volumes/Yuchen_Drive/Chest_xray/test/PNEUMONIA/person90_bacteria_443.jpeg,1,1,0.9730623364448547,0.026937671,0.97306234
/Volumes/Yuchen_Drive/Chest_xray/test/PNEUMONIA/person122_bacteria_586.jpeg,1,1,0.9925631880760193,0.007436805,0.9925632
/Volumes/Yuchen_Drive/Chest_xray/test/NORMAL/IM-0105-0001.jpeg,0,0,0.9306347966194153,0.9306348,0.06936519
/Volumes/Yuchen_Drive/Chest_xray/test/PNEUMONIA/person101_bacteria_484.jpeg,1,1,0.9790318012237549,0.020968227,0.9790318
/Volumes/Yuchen_Drive/Chest_xray/test/PNEUMONIA/person130_bacteria_625.jpeg,1,1,0.874775767326355,0.12522419,0.87477577
/Volumes/Yuchen_Drive/Chest_xray/test/PNEUMONIA/person123_bacteria_587.jpeg,1,1,0.8420351147651672,0.15796494,0.8420351
/Volumes/Yuchen_Drive/Chest_xray/test/NORMAL/IM-0043-0001.jpeg,0,0,0.6585929989814758,0.658593,0.341407
/Volumes/Yuchen_Drive/Chest_xray/test/NORMAL/NORMAL2-IM-0321-0001.jpeg,0,0,0.985633909702301,0.9856339,0.014366137
/Volumes/Yuchen_Drive/Chest_xray/test/PNEUMONIA/person76_virus_138.jpeg,1,1,0.7996748685836792,0.20032513,0.79967487
/Volumes/Yuchen_Drive/Chest_xray/test/PNEUMONIA/person144_bacteria_690.jpeg,1,1,0.9822438359260559,0.017756207,0.98224384
/Volumes/Yuchen_Drive/Chest_xray/test/NORMAL/IM-0069-0001.jpeg,0,0,0.9528673887252808,0.9528674,0.04713266
/Volumes/Yuchen_Drive/Chest_xray/test/NORMAL/IM-0009-0001.jpeg,0,0,0.9863764643669128,0.98637646,0.0136235785
/Volumes/Yuchen_Drive/Chest_xray/test/NORMAL/NORMAL2-IM-0098-0001.jpeg,0,1,0.8452770709991455,0.15472299,0.8452771
/Volumes/Yuchen_Drive/Chest_xray/test/PNEUMONIA/person124_bacteria_590.jpeg,1,1,0.9580790996551514,0.04192089,0.9580791
/Volumes/Yuchen_Drive/Chest_xray/test/PNEUMONIA/person139_bacteria_664.jpeg,1,1,0.9948933124542236,0.0051066647,0.9948933
/Volumes/Yuchen_Drive/Chest_xray/test/PNEUMONIA/person113_bacteria_543.jpeg,1,0,0.5749605894088745,0.5749606,0.4250394
/Volumes/Yuchen_Drive/Chest_xray/test/PNEUMONIA/person56_virus_112.jpeg,1,1,0.7573386430740356,0.24266133,0.75733864
/Volumes/Yuchen_Drive/Chest_xray/test/PNEUMONIA/person133_bacteria_634.jpeg,1,1,0.9363488554954529,0.06365113,0.93634886
/Volumes/Yuchen_Drive/Chest_xray/test/NORMAL/IM-0046-0001.jpeg,0,0,0.8901799321174622,0.89017993,0.109820016
/Volumes/Yuchen_Drive/Chest_xray/test/PNEUMONIA/person143_bacteria_688.jpeg,1,1,0.9094516038894653,0.0905484,0.9094516
/Volumes/Yuchen_Drive/Chest_xray/test/PNEUMONIA/person1675_virus_2891.jpeg,1,1,0.8589383959770203,0.1410616,0.8589384
/Volumes/Yuchen_Drive/Chest_xray/test/PNEUMONIA/person111_bacteria_536.jpeg,1,1,0.972929060459137,0.027070973,0.97292906
/Volumes/Yuchen_Drive/Chest_xray/test/PNEUMONIA/person152_bacteria_723.jpeg,1,1,0.8292332291603088,0.17076677,0.8292332
/Volumes/Yuchen_Drive/Chest_xray/test/NORMAL/NORMAL2-IM-0360-0001.jpeg,0,0,0.7630204558372498,0.76302046,0.23697951
/Volumes/Yuchen_Drive/Chest_xray/test/PNEUMONIA/person1_virus_6.jpeg,1,1,0.7950791120529175,0.20492092,0.7950791
/Volumes/Yuchen_Drive/Chest_xray/test/PNEUMONIA/person139_bacteria_666.jpeg,1,1,0.8861281871795654,0.11387175,0.8861282
/Volumes/Yuchen_Drive/Chest_xray/test/NORMAL/IM-0102-0001.jpeg,0,1,0.5067704319953918,0.4932296,0.50677043
/Volumes/Yuchen_Drive/Chest_xray/test/PNEUMONIA/person91_bacteria_448.jpeg,1,1,0.6519560217857361,0.34804398,0.651956
/Volumes/Yuchen_Drive/Chest_xray/test/PNEUMONIA/person88_bacteria_439.jpeg,1,1,0.5497456789016724,0.45025432,0.5497457
/Volumes/Yuchen_Drive/Chest_xray/test/NORMAL/NORMAL2-IM-0173-0001-0001.jpeg,0,1,0.5935696959495544,0.40643027,0.5935697
/Volumes/Yuchen_Drive/Chest_xray/test/PNEUMONIA/person143_bacteria_689.jpeg,1,1,0.6364655494689941,0.36353448,0.63646555
/Volumes/Yuchen_Drive/Chest_xray/test/NORMAL/NORMAL2-IM-0217-0001.jpeg,0,1,0.8496395945549011,0.15036039,0.8496396
/Volumes/Yuchen_Drive/Chest_xray/test/PNEUMONIA/person121_bacteria_575.jpeg,1,1,0.9905197620391846,0.009480168,0.99051976
/Volumes/Yuchen_Drive/Chest_xray/test/PNEUMONIA/person94_bacteria_457.jpeg,1,1,0.9969040751457214,0.0030959584,0.9969041
/Volumes/Yuchen_Drive/Chest_xray/test/NORMAL/IM-0086-0001.jpeg,0,0,0.7607049345970154,0.76070493,0.2392951
/Volumes/Yuchen_Drive/Chest_xray/test/NORMAL/NORMAL2-IM-0028-0001.jpeg,0,1,0.5412015914916992,0.45879847,0.5412016
/Volumes/Yuchen_Drive/Chest_xray/test/NORMAL/IM-0109-0001.jpeg,0,1,0.7417343258857727,0.25826567,0.7417343
/Volumes/Yuchen_Drive/Chest_xray/test/PNEUMONIA/person81_bacteria_397.jpeg,1,1,0.9161618947982788,0.083838165,0.9161619
/Volumes/Yuchen_Drive/Chest_xray/test/NORMAL/NORMAL2-IM-0079-0001.jpeg,0,0,0.8983594179153442,0.8983594,0.1016406
/Volumes/Yuchen_Drive/Chest_xray/test/PNEUMONIA/person1618_virus_2805.jpeg,1,1,0.9928481578826904,0.0071518403,0.99284816
/Volumes/Yuchen_Drive/Chest_xray/test/NORMAL/NORMAL2-IM-0267-0001.jpeg,0,1,0.8275467753410339,0.17245331,0.8275468
/Volumes/Yuchen_Drive/Chest_xray/test/PNEUMONIA/person122_bacteria_581.jpeg,1,1,0.5148076415061951,0.48519233,0.51480764
/Volumes/Yuchen_Drive/Chest_xray/test/PNEUMONIA/person157_bacteria_740.jpeg,1,1,0.8554261326789856,0.14457384,0.85542613
/Volumes/Yuchen_Drive/Chest_xray/test/PNEUMONIA/person141_bacteria_677.jpeg,1,1,0.8367077112197876,0.16329226,0.8367077
/Volumes/Yuchen_Drive/Chest_xray/test/PNEUMONIA/person91_bacteria_445.jpeg,1,0,0.5853143334388733,0.58531433,0.41468567
/Volumes/Yuchen_Drive/Chest_xray/test/NORMAL/NORMAL2-IM-0333-0001.jpeg,0,0,0.9776720404624939,0.97767204,0.022327973
/Volumes/Yuchen_Drive/Chest_xray/test/PNEUMONIA/person111_bacteria_533.jpeg,1,1,0.9943264126777649,0.0056735785,0.9943264
/Volumes/Yuchen_Drive/Chest_xray/test/PNEUMONIA/person1641_virus_2840.jpeg,1,1,0.7651424407958984,0.23485756,0.76514244
/Volumes/Yuchen_Drive/Chest_xray/test/PNEUMONIA/person97_bacteria_468.jpeg,1,1,0.8712887763977051,0.12871122,0.8712888
/Volumes/Yuchen_Drive/Chest_xray/test/PNEUMONIA/person126_bacteria_599.jpeg,1,1,0.9537785053253174,0.04622149,0.9537785
/Volumes/Yuchen_Drive/Chest_xray/test/NORMAL/NORMAL2-IM-0359-0001.jpeg,0,0,0.6742011308670044,0.67420113,0.3257989
/Volumes/Yuchen_Drive/Chest_xray/test/NORMAL/NORMAL2-IM-0304-0001.jpeg,0,1,0.6354678869247437,0.36453214,0.6354679
/Volumes/Yuchen_Drive/Chest_xray/test/PNEUMONIA/person101_bacteria_483.jpeg,1,1,0.9932124614715576,0.0067875464,0.99321246
/Volumes/Yuchen_Drive/Chest_xray/test/PNEUMONIA/person71_virus_131.jpeg,1,1,0.8637831807136536,0.13621683,0.8637832
/Volumes/Yuchen_Drive/Chest_xray/test/NORMAL/NORMAL2-IM-0105-0001.jpeg,0,0,0.6243988871574402,0.6243989,0.3756011
/Volumes/Yuchen_Drive/Chest_xray/test/PNEUMONIA/person1670_virus_2886.jpeg,1,1,0.9908213019371033,0.009178673,0.9908213
/Volumes/Yuchen_Drive/Chest_xray/test/NORMAL/NORMAL2-IM-0130-0001.jpeg,0,0,0.8446066379547119,0.84460664,0.15539333
/Volumes/Yuchen_Drive/Chest_xray/test/PNEUMONIA/person85_bacteria_421.jpeg,1,1,0.7083207964897156,0.29167914,0.7083208
/Volumes/Yuchen_Drive/Chest_xray/test/PNEUMONIA/person133_bacteria_638.jpeg,1,1,0.9620925188064575,0.037907485,0.9620925
/Volumes/Yuchen_Drive/Chest_xray/test/PNEUMONIA/person124_bacteria_589.jpeg,1,1,0.9676651358604431,0.032334857,0.96766514
/Volumes/Yuchen_Drive/Chest_xray/test/NORMAL/NORMAL2-IM-0233-0001.jpeg,0,1,0.8576502203941345,0.14234975,0.8576502
/Volumes/Yuchen_Drive/Chest_xray/test/PNEUMONIA/person124_bacteria_592.jpeg,1,1,0.8949422836303711,0.10505774,0.8949423
/Volumes/Yuchen_Drive/Chest_xray/test/PNEUMONIA/person59_virus_116.jpeg,1,1,0.9134159088134766,0.08658413,0.9134159
/Volumes/Yuchen_Drive/Chest_xray/test/NORMAL/NORMAL2-IM-0362-0001.jpeg,0,1,0.7245109677314758,0.275489,0.72451097
/Volumes/Yuchen_Drive/Chest_xray/test/PNEUMONIA/person85_bacteria_422.jpeg,1,1,0.9417300224304199,0.05827002,0.94173
/Volumes/Yuchen_Drive/Chest_xray/test/NORMAL/NORMAL2-IM-0374-0001.jpeg,0,0,0.9318799376487732,0.93187994,0.068120115
/Volumes/Yuchen_Drive/Chest_xray/test/NORMAL/NORMAL2-IM-0051-0001.jpeg,0,0,0.8762542605400085,0.87625426,0.12374579
/Volumes/Yuchen_Drive/Chest_xray/test/NORMAL/NORMAL2-IM-0307-0001.jpeg,0,0,0.9590067863464355,0.9590068,0.040993236
/Volumes/Yuchen_Drive/Chest_xray/test/PNEUMONIA/person91_bacteria_447.jpeg,1,1,0.9912230968475342,0.008776968,0.9912231
/Volumes/Yuchen_Drive/Chest_xray/test/PNEUMONIA/person113_bacteria_541.jpeg,1,1,0.999305009841919,0.00069501845,0.999305
/Volumes/Yuchen_Drive/Chest_xray/test/NORMAL/NORMAL2-IM-0279-0001.jpeg,0,0,0.890385091304779,0.8903851,0.109614894
/Volumes/Yuchen_Drive/Chest_xray/test/NORMAL/NORMAL2-IM-0199-0001.jpeg,0,1,0.514153778553009,0.48584622,0.5141538
/Volumes/Yuchen_Drive/Chest_xray/test/NORMAL/NORMAL2-IM-0290-0001.jpeg,0,0,0.5638134479522705,0.56381345,0.4361865
/Volumes/Yuchen_Drive/Chest_xray/test/PNEUMONIA/person15_virus_46.jpeg,1,0,0.5727147459983826,0.57271475,0.42728522
/Volumes/Yuchen_Drive/Chest_xray/test/NORMAL/NORMAL2-IM-0219-0001.jpeg,0,1,0.8628944754600525,0.13710554,0.8628945
/Volumes/Yuchen_Drive/Chest_xray/test/PNEUMONIA/person155_bacteria_731.jpeg,1,1,0.9527335166931152,0.047266517,0.9527335
/Volumes/Yuchen_Drive/Chest_xray/test/PNEUMONIA/person93_bacteria_453.jpeg,1,1,0.975071907043457,0.024928063,0.9750719
/Volumes/Yuchen_Drive/Chest_xray/test/PNEUMONIA/person120_bacteria_571.jpeg,1,1,0.9929782748222351,0.0070217694,0.9929783
/Volumes/Yuchen_Drive/Chest_xray/test/NORMAL/NORMAL2-IM-0338-0001.jpeg,0,1,0.6189555525779724,0.38104445,0.61895555
/Volumes/Yuchen_Drive/Chest_xray/test/NORMAL/NORMAL2-IM-0327-0001.jpeg,0,0,0.6123380064964294,0.612338,0.38766202
/Volumes/Yuchen_Drive/Chest_xray/test/PNEUMONIA/person152_bacteria_720.jpeg,1,1,0.9629420638084412,0.037057973,0.96294206
/Volumes/Yuchen_Drive/Chest_xray/test/PNEUMONIA/person1633_virus_2829.jpeg,1,1,0.7989724278450012,0.20102753,0.7989724
/Volumes/Yuchen_Drive/Chest_xray/test/PNEUMONIA/person100_bacteria_480.jpeg,1,1,0.8567875623703003,0.14321251,0.85678756
/Volumes/Yuchen_Drive/Chest_xray/test/PNEUMONIA/person112_bacteria_538.jpeg,1,1,0.83696448802948,0.16303547,0.8369645
/Volumes/Yuchen_Drive/Chest_xray/test/PNEUMONIA/person22_virus_55.jpeg,1,1,0.6087861657142639,0.3912138,0.60878617
/Volumes/Yuchen_Drive/Chest_xray/test/PNEUMONIA/person1637_virus_2834.jpeg,1,1,0.8757303357124329,0.124269605,0.87573034
/Volumes/Yuchen_Drive/Chest_xray/test/PNEUMONIA/person159_bacteria_746.jpeg,1,1,0.9949008226394653,0.005099185,0.9949008
/Volumes/Yuchen_Drive/Chest_xray/test/PNEUMONIA/person49_virus_101.jpeg,1,0,0.5597453117370605,0.5597453,0.4402547
/Volumes/Yuchen_Drive/Chest_xray/test/NORMAL/IM-0101-0001.jpeg,0,0,0.9804154634475708,0.98041546,0.019584568
/Volumes/Yuchen_Drive/Chest_xray/test/NORMAL/IM-0037-0001.jpeg,0,0,0.5537364482879639,0.55373645,0.4462635
/Volumes/Yuchen_Drive/Chest_xray/test/PNEUMONIA/person80_bacteria_390.jpeg,1,1,0.9956028461456299,0.004397133,0.99560285
/Volumes/Yuchen_Drive/Chest_xray/test/PNEUMONIA/person134_bacteria_642.jpeg,1,1,0.940652072429657,0.05934791,0.9406521
/Volumes/Yuchen_Drive/Chest_xray/test/NORMAL/NORMAL2-IM-0339-0001.jpeg,0,0,0.8215429782867432,0.821543,0.17845704
/Volumes/Yuchen_Drive/Chest_xray/test/PNEUMONIA/person141_bacteria_678.jpeg,1,1,0.9617449641227722,0.038255077,0.96174496
/Volumes/Yuchen_Drive/Chest_xray/test/PNEUMONIA/person157_bacteria_739.jpeg,1,1,0.9786463379859924,0.021353707,0.97864634
/Volumes/Yuchen_Drive/Chest_xray/test/PNEUMONIA/person96_bacteria_465.jpeg,1,1,0.5344278812408447,0.46557212,0.5344279
/Volumes/Yuchen_Drive/Chest_xray/test/PNEUMONIA/person1622_virus_2810.jpeg,1,1,0.9237266182899475,0.0762734,0.9237266
/Volumes/Yuchen_Drive/Chest_xray/test/NORMAL/NORMAL2-IM-0213-0001.jpeg,0,0,0.5833178758621216,0.5833179,0.41668215
/Volumes/Yuchen_Drive/Chest_xray/test/NORMAL/NORMAL2-IM-0302-0001.jpeg,0,0,0.9494414925575256,0.9494415,0.050558463
/Volumes/Yuchen_Drive/Chest_xray/test/PNEUMONIA/person1642_virus_2842.jpeg,1,1,0.8281833529472351,0.17181662,0.82818335
/Volumes/Yuchen_Drive/Chest_xray/test/NORMAL/NORMAL2-IM-0033-0001.jpeg,0,0,0.9774641394615173,0.97746414,0.02253583
/Volumes/Yuchen_Drive/Chest_xray/test/PNEUMONIA/person173_bacteria_831.jpeg,1,0,0.7941160202026367,0.794116,0.20588394
/Volumes/Yuchen_Drive/Chest_xray/test/NORMAL/NORMAL2-IM-0246-0001-0001.jpeg,0,1,0.7356839776039124,0.26431602,0.735684
/Volumes/Yuchen_Drive/Chest_xray/test/PNEUMONIA/person134_bacteria_640.jpeg,1,1,0.9857646822929382,0.014235355,0.9857647
/Volumes/Yuchen_Drive/Chest_xray/test/NORMAL/NORMAL2-IM-0366-0001.jpeg,0,0,0.8111821413040161,0.81118214,0.18881783
/Volumes/Yuchen_Drive/Chest_xray/test/NORMAL/NORMAL2-IM-0241-0001.jpeg,0,1,0.5214787125587463,0.47852126,0.5214787
/Volumes/Yuchen_Drive/Chest_xray/test/NORMAL/IM-0036-0001.jpeg,0,0,0.6515842080116272,0.6515842,0.34841576
/Volumes/Yuchen_Drive/Chest_xray/test/PNEUMONIA/person99_bacteria_474.jpeg,1,1,0.7408882975578308,0.2591117,0.7408883
/Volumes/Yuchen_Drive/Chest_xray/test/NORMAL/NORMAL2-IM-0337-0001.jpeg,0,0,0.9190208315849304,0.91902083,0.080979176
/Volumes/Yuchen_Drive/Chest_xray/test/NORMAL/NORMAL2-IM-0012-0001.jpeg,0,0,0.967835545539856,0.96783555,0.03216443
/Volumes/Yuchen_Drive/Chest_xray/test/NORMAL/IM-0077-0001.jpeg,0,0,0.7991315126419067,0.7991315,0.2008685
/Volumes/Yuchen_Drive/Chest_xray/test/NORMAL/NORMAL2-IM-0313-0001.jpeg,0,0,0.577353835105896,0.57735384,0.42264616
/Volumes/Yuchen_Drive/Chest_xray/test/NORMAL/NORMAL2-IM-0330-0001.jpeg,0,1,0.8704210519790649,0.12957896,0.87042105
/Volumes/Yuchen_Drive/Chest_xray/test/NORMAL/NORMAL2-IM-0041-0001.jpeg,0,0,0.8529335260391235,0.8529335,0.14706647
/Volumes/Yuchen_Drive/Chest_xray/test/PNEUMONIA/person50_virus_102.jpeg,1,1,0.9238139986991882,0.07618597,0.923814
/Volumes/Yuchen_Drive/Chest_xray/test/NORMAL/NORMAL2-IM-0378-0001.jpeg,0,0,0.7036339640617371,0.70363396,0.29636607
/Volumes/Yuchen_Drive/Chest_xray/test/PNEUMONIA/person175_bacteria_833.jpeg,1,1,0.8506632447242737,0.14933677,0.85066324
/Volumes/Yuchen_Drive/Chest_xray/test/NORMAL/NORMAL2-IM-0373-0001.jpeg,0,1,0.913848340511322,0.08615162,0.91384834
/Volumes/Yuchen_Drive/Chest_xray/test/NORMAL/IM-0089-0001.jpeg,0,0,0.9161127209663391,0.9161127,0.08388727
/Volumes/Yuchen_Drive/Chest_xray/test/PNEUMONIA/person135_bacteria_647.jpeg,1,1,0.9857503175735474,0.0142496945,0.9857503
/Volumes/Yuchen_Drive/Chest_xray/test/PNEUMONIA/person153_bacteria_726.jpeg,1,0,0.8443999886512756,0.8444,0.15560003
